Date,AAPL,AMZN,GOOGL,MSFT,TSLA
2018-01-02,40.30418014526367,59.45050048828125,53.22062683105469,78.87035369873047,21.368667602539062
2018-01-03,40.297157287597656,60.209999084472656,54.128623962402344,79.23738861083984,21.149999618530273
2018-01-04,40.48433303833008,60.47949981689453,54.338890075683594,79.93482208251953,20.974666595458984
2018-01-05,40.94524383544922,61.457000732421875,55.05943298339844,80.92586517333984,21.10533332824707
2018-01-08,40.79318618774414,62.34349822998047,55.25382614135742,81.0084228515625,22.42733383178711
2018-01-09,40.78848648071289,62.6349983215332,55.183406829833984,80.95338439941406,22.246000289916992
2018-01-10,40.779144287109375,62.71649932861328,55.05199432373047,80.5863265991211,22.31999969482422
2018-01-11,41.010772705078125,63.83399963378906,55.14671325683594,80.82491302490234,22.530000686645508
2018-01-12,41.434261322021484,65.26000213623047,56.069091796875,82.2197265625,22.4146671295166
2018-01-16,41.223690032958984,65.24299621582031,56.07156753540039,81.07266998291016,22.67066764831543
2018-01-17,41.90454864501953,64.75,56.488121032714844,82.71524810791016,23.143999099731445
2018-01-18,41.941978454589844,64.66600036621094,56.33291244506836,82.67852783203125,22.971332550048828
2018-01-19,41.75482177734375,64.72899627685547,56.706321716308594,82.58676147460938,23.334667205810547
2018-01-22,41.413211822509766,66.3655014038086,57.730857849121094,84.06414031982422,23.437332153320312
2018-01-23,41.422569274902344,68.12699890136719,58.3264274597168,84.33024597167969,23.519332885742188
2018-01-24,40.76277160644531,67.87550354003906,58.08442687988281,84.25685119628906,23.05933380126953
2018-01-25,40.03511428833008,68.89749908447266,58.62248229980469,84.724853515625,22.50933265686035
2018-01-26,40.12870788574219,70.10250091552734,58.891258239746094,86.31233978271484,22.856666564941406
2018-01-29,39.29808044433594,70.88400268554688,58.83770751953125,86.18386840820312,23.302000045776367
2018-01-30,39.06645965576172,71.89099884033203,58.38593292236328,85.10107421875,23.05466651916504
2018-01-31,39.17407989501953,72.54450225830078,58.62645721435547,87.18406677246094,23.62066650390625
2018-02-01,39.25597381591797,69.5,58.59520721435547,86.49589538574219,23.28333282470703
2018-02-02,37.552650451660156,71.49749755859375,55.50128173828125,84.22013854980469,22.916667938232422
2018-02-05,36.61442947387695,69.5,52.68406677246094,80.75150299072266,22.208667755126953
2018-02-06,38.144596099853516,72.14199829101562,53.77703857421875,83.80722045898438,22.264667510986328
2018-02-07,37.32803726196289,70.83899688720703,52.33792495727539,82.2288818359375,23.0
2018-02-08,36.300907135009766,67.5250015258789,49.97248077392578,78.00778198242188,21.01533317565918
2018-02-09,36.744903564453125,66.9800033569336,51.88467025756836,80.91667175292969,20.69466781616211
2018-02-12,38.22496032714844,69.3115005493164,52.295780181884766,81.78840637207031,21.048667907714844
2018-02-13,38.60787582397461,70.72550201416016,52.27494430541992,82.43077850341797,21.577333450317383
2018-02-14,39.31970977783203,72.55249786376953,53.19533920288086,83.72147369384766,21.487333297729492
2018-02-15,40.63999938964844,73.08799743652344,54.120697021484375,85.4271011352539,22.271333694458008
2018-02-16,40.50843048095703,72.43450164794922,54.32600402832031,84.81861877441406,22.365999221801758
2018-02-20,40.37217712402344,73.4175033569336,54.727176666259766,85.4823989868164,22.31800079345703
2018-02-21,40.188934326171875,74.14600372314453,55.231014251708984,84.34840393066406,22.219999313354492
2018-02-22,40.52488327026367,74.26699829101562,55.040096282958984,84.56965637207031,23.077999114990234
2018-02-23,41.22966003417969,75.0,55.942142486572266,86.7177963256836,23.469999313354492
2018-02-26,42.04487609863281,76.09750366210938,56.716243743896484,87.97164154052734,23.827999114990234
2018-02-27,41.90860366821289,75.5989990234375,55.4174690246582,86.84687805175781,23.39933204650879
2018-02-28,41.84516906738281,75.62249755859375,54.74354553222656,86.4504165649414,22.87066650390625
2018-03-01,41.112205505371094,74.67250061035156,53.13137435913086,85.60225677490234,22.062000274658203
2018-03-02,41.3964729309082,75.01249694824219,53.76264572143555,85.78662109375,22.341333389282227
2018-03-05,41.539772033691406,76.18049621582031,54.28929901123047,86.33056640625,22.22333335876465
2018-03-06,41.50452423095703,76.88200378417969,54.593788146972656,86.03555297851562,21.8799991607666
2018-03-07,41.11925506591797,77.25,55.29498291015625,86.53341674804688,22.15333366394043
2018-03-08,41.56795883178711,77.59300231933594,56.00611114501953,87.05889892578125,21.940000534057617
2018-03-09,42.28213882446289,78.94450378417969,57.56621170043945,89.00421142578125,21.81133270263672
2018-03-12,42.69091033935547,79.91950225830078,57.81863021850586,89.21627044677734,23.034000396728516
2018-03-13,42.27978515625,79.40899658203125,56.52829360961914,87.04048919677734,22.78933334350586
2018-03-14,41.920345306396484,79.55000305175781,56.973609924316406,86.52416229248047,21.775333404541016
2018-03-15,41.96968078613281,79.11599731445312,57.05891036987305,86.82844543457031,21.706666946411133
2018-03-16,41.82167434692383,78.58399963378906,56.256046295166016,87.21563720703125,21.42333221435547
2018-03-19,41.18267822265625,77.24649810791016,54.5526237487793,85.63912963867188,20.90399932861328
2018-03-20,41.16858673095703,79.32550048828125,54.34087371826172,85.86038970947266,20.703332901000977
2018-03-21,40.23591613769531,79.09300231933594,54.25161361694336,85.2611312866211,21.101999282836914
2018-03-22,39.66740036010742,77.24600219726562,52.225852966308594,82.78109741210938,20.606666564941406
2018-03-23,38.74884033203125,74.77799987792969,50.90675354003906,80.37483978271484,20.1026668548584
2018-03-26,40.58830261230469,77.79299926757812,52.272464752197266,86.45966339111328,20.278667449951172
2018-03-27,39.547584533691406,74.85250091552734,49.93429183959961,82.48607635498047,18.61199951171875
2018-03-28,39.11062240600586,71.57099914550781,49.84701919555664,82.41234588623047,17.185333251953125
2018-03-29,39.41602325439453,72.36699676513672,51.43191146850586,84.14558410644531,17.742000579833984
2018-04-02,39.15760803222656,68.59950256347656,50.21646499633789,81.61022186279297,16.832000732421875
2018-04-03,39.559329986572266,69.60250091552734,50.5164794921875,82.70734405517578,17.8353328704834
2018-04-04,40.31580352783203,70.52850341796875,51.0634651184082,85.12285614013672,19.12933349609375
2018-04-05,40.59537124633789,72.5875015258789,51.20875930786133,85.16891479492188,20.381332397460938
2018-04-06,39.5569953918457,70.2614974975586,50.083560943603516,83.18675231933594,19.953332901000977
2018-04-09,39.9493293762207,70.30400085449219,50.58640670776367,83.68460083007812,19.310667037963867
2018-04-10,40.701072692871094,71.81099700927734,51.400177001953125,85.6299057006836,20.31333351135254
2018-04-11,40.51078414916992,71.35250091552734,50.83286666870117,84.68954467773438,20.062000274658203
2018-04-12,40.910160064697266,72.42500305175781,51.43935775756836,86.27526092529297,19.60533332824707
2018-04-13,41.04875946044922,71.53949737548828,51.37736892700195,85.81427764892578,20.022666931152344
2018-04-16,41.304840087890625,72.07499694824219,51.876243591308594,86.81919860839844,19.413999557495117
2018-04-17,41.87336349487305,75.19149780273438,53.52560806274414,88.57089233398438,19.179332733154297
2018-04-18,41.779396057128906,76.39199829101562,53.328739166259766,88.91201782226562,19.55666732788086
2018-04-19,40.59537124633789,77.84549713134766,54.02597427368164,88.60779571533203,20.005332946777344
2018-04-20,38.93207550048828,76.37449645996094,53.4244499206543,87.58443450927734,19.349332809448242
2018-04-23,38.819313049316406,75.89299774169922,53.25038528442383,87.9071044921875,18.891332626342773
2018-04-24,38.27898406982422,73.00450134277344,50.712860107421875,85.8511962890625,18.8973331451416
2018-04-25,38.445777893066406,73.00849914550781,50.730220794677734,85.10441589355469,18.71266746520996
2018-04-26,38.57968521118164,75.89800262451172,51.73788833618164,86.9022216796875,19.031999588012695
2018-04-27,38.13332748413086,78.63099670410156,51.149749755859375,88.34040069580078,19.60533332824707
2018-04-30,38.82400894165039,78.30650329589844,50.51152420043945,86.2199478149414,19.593332290649414
2018-05-01,39.72613525390625,79.11299896240234,51.61093521118164,87.58443450927734,19.994667053222656
2018-05-02,41.48103332519531,78.48400115966797,50.88196563720703,86.21074676513672,20.07666778564453
2018-05-03,41.556209564208984,78.60399627685547,50.89435958862305,86.72702026367188,18.963333129882812
2018-05-04,43.186614990234375,79.04750061035156,52.119232177734375,87.73194885253906,19.606000900268555
2018-05-07,43.499053955078125,80.00700378417969,52.53876495361328,88.70919036865234,20.184667587280273
2018-05-08,43.70814514160156,79.61949920654297,52.49562072753906,88.33119201660156,20.131332397460938
2018-05-09,44.015892028808594,80.4000015258789,54.00117874145508,89.37297821044922,20.456666946411133
2018-05-10,44.64550018310547,80.4540023803711,54.82040786743164,90.26727294921875,20.334667205810547
2018-05-11,44.47570037841797,80.14550018310547,54.71676254272461,90.07365417480469,20.070667266845703
2018-05-14,44.3719367980957,80.0770034790039,54.87644577026367,90.37788391113281,19.46466636657715
2018-05-15,43.968658447265625,78.80599975585938,53.79885482788086,89.72332763671875,18.94533348083496
2018-05-16,44.379005432128906,79.36399841308594,53.76017379760742,89.95480346679688,19.09866714477539
2018-05-17,44.09837341308594,79.08799743652344,53.61983108520508,89.05664825439453,18.96933364868164
2018-05-18,43.93799591064453,78.71849822998047,53.0435905456543,89.22332000732422,18.454666137695312
2018-05-21,44.249298095703125,79.27300262451172,53.75620651245117,90.3714828491211,18.965999603271484
2018-05-22,44.138458251953125,79.06999969482422,53.324771881103516,90.27890014648438,18.333999633789062
2018-05-23,44.42145919799805,80.09300231933594,53.85291290283203,91.35298919677734,18.60466766357422
2018-05-24,44.3719367980957,80.15350341796875,53.827613830566406,91.02889251708984,18.523332595825195
2018-05-25,44.47334289550781,80.50749969482422,53.75967788696289,91.0751953125,18.59000015258789
2018-05-29,44.31296920776367,80.64350128173828,52.965736389160156,90.75110626220703,18.917333602905273
2018-05-30,44.2186393737793,81.24449920654297,53.431884765625,91.62150573730469,19.447999954223633
2018-05-31,44.070064544677734,81.48100280761719,54.54915237426758,91.51963806152344,18.98200035095215
2018-06-01,44.86482620239258,82.0770034790039,56.28480529785156,93.32522583007812,19.454666137695312
2018-06-04,45.23978805541992,83.26349639892578,57.179412841796875,94.14005279541016,19.78266716003418
2018-06-05,45.588829040527344,84.81749725341797,57.0792350769043,94.62154388427734,19.408666610717773
2018-06-06,45.74684143066406,84.7874984741211,56.87740707397461,94.8992919921875,21.299999237060547
2018-06-07,45.624202728271484,84.46499633789062,56.256046295166016,93.40857696533203,21.07266616821289
2018-06-08,45.209144592285156,84.19950103759766,56.1712532043457,94.10298919677734,21.17733383178711
2018-06-11,45.098297119140625,84.45600128173828,56.5773811340332,93.56597900390625,22.139999389648438
2018-06-12,45.345924377441406,84.9375,56.938899993896484,93.80670166015625,22.851333618164062
2018-06-13,44.973304748535156,85.24299621582031,56.74251937866211,93.38078308105469,22.985332489013672
2018-06-14,44.99688720703125,86.19300079345703,57.53001403808594,93.90855407714844,23.847999572753906
2018-06-15,44.5346565246582,85.79850006103516,57.48835754394531,92.7140884399414,23.878000259399414
2018-06-18,44.511070251464844,86.18949890136719,58.69389343261719,93.39004516601562,24.722000122070312
2018-06-19,43.79179000854492,86.73899841308594,58.45140075683594,93.39004516601562,23.503332138061523
2018-06-20,43.98280715942383,87.50399780273438,58.718196868896484,94.32524108886719,24.148000717163086
2018-06-21,43.73755645751953,86.51100158691406,57.99269104003906,93.64929962158203,23.167333602905273
2018-06-22,43.61019515991211,85.78350067138672,57.985252380371094,92.97337341308594,22.242000579833984
2018-06-25,42.9616584777832,83.15750122070312,56.4970588684082,91.10296630859375,22.200666427612305
2018-06-26,43.49462890625,84.55449676513672,56.166786193847656,91.74186706542969,22.799999237060547
2018-06-27,43.430965423583984,83.02549743652344,55.38920974731445,90.31591796875,22.96666717529297
2018-06-28,43.74698257446289,85.07250213623047,55.87717819213867,91.32520294189453,23.32866668701172
2018-06-29,43.654998779296875,84.98999786376953,55.99668884277344,91.30665588378906,22.863332748413086
2018-07-02,44.14316940307617,85.68900299072266,56.637386322021484,92.60299682617188,22.33799934387207
2018-07-03,43.37436294555664,84.697998046875,55.35647964477539,91.7140884399414,20.724000930786133
2018-07-05,43.72339630126953,84.98650360107422,56.59672546386719,92.37151336669922,20.610666275024414
2018-07-06,44.329490661621094,85.53150177001953,57.28057861328125,93.66780853271484,20.593332290649414
2018-07-09,44.94500732421875,86.95099639892578,57.88557815551758,94.30670928955078,21.233999252319336
2018-07-10,44.89077377319336,87.15350341796875,57.87863540649414,94.55672454833984,21.49799919128418
2018-07-11,44.30826187133789,87.75,58.09286880493164,94.42709350585938,21.263999938964844
2018-07-12,45.0511360168457,89.83100128173828,59.57065200805664,96.47342681884766,21.11400032043457
2018-07-13,45.121883392333984,90.65149688720703,59.72735595703125,97.62156677246094,21.257999420166016
2018-07-16,45.02284622192383,91.12449645996094,59.33509826660156,97.14008331298828,20.67333221435547
2018-07-17,45.15018081665039,92.19650268554688,60.156803131103516,98.10305786132812,21.512666702270508
2018-07-18,44.90254592895508,92.14600372314453,60.14837646484375,97.33454132080078,21.59000015258789
2018-07-19,45.251590728759766,90.64849853515625,59.46353530883789,96.66785430908203,21.34866714477539
2018-07-20,45.147823333740234,90.68499755859375,59.40303039550781,98.39935302734375,20.905332565307617
2018-07-23,45.18790817260742,90.0999984741211,60.05365753173828,99.97344970703125,20.213333129882812
2018-07-24,45.51571273803711,91.46199798583984,62.3918342590332,99.68641662597656,19.82866668701172
2018-07-25,45.944942474365234,93.18049621582031,63.27404022216797,102.62165832519531,20.582666397094727
2018-07-26,45.80107498168945,90.4000015258789,63.74812698364258,101.50125122070312,20.44333267211914
2018-07-27,45.03934860229492,90.8635025024414,62.1309928894043,99.70494079589844,19.812000274658203
2018-07-30,44.78700637817383,88.96099853515625,60.99785614013672,97.56602478027344,19.344667434692383
2018-07-31,44.876617431640625,88.87200164794922,60.85801315307617,98.22345733642578,19.875999450683594
2018-08-01,47.52029800415039,89.8584976196289,61.14414596557617,98.40863037109375,20.055999755859375
2018-08-02,48.90935134887695,91.71649932861328,61.54780578613281,99.60307312011719,23.30266761779785
2018-08-03,49.05085754394531,91.16449737548828,61.4005241394043,100.03827667236328,23.211332321166992
2018-08-06,49.30555725097656,92.38749694824219,61.37622833251953,100.12161254882812,22.799333572387695
2018-08-07,48.843326568603516,93.1240005493164,62.27728271484375,100.81604766845703,25.30466651916504
2018-08-08,48.876338958740234,94.32599639892578,62.54953384399414,101.3808822631836,24.689332962036133
2018-08-09,49.260746002197266,94.9260025024414,62.704742431640625,101.54751586914062,23.496667861938477
2018-08-10,49.114013671875,94.31500244140625,62.112152099609375,100.92716217041016,23.69933319091797
2018-08-13,49.4311408996582,94.80999755859375,61.920230865478516,100.1956787109375,23.76066780090332
2018-08-14,49.63939666748047,95.98249816894531,62.39133834838867,101.4456787109375,23.176000595092773
2018-08-15,49.755367279052734,94.13099670410156,61.10595703125,100.07003784179688,22.57933235168457
2018-08-16,50.484283447265625,94.32599639892578,60.70130157470703,100.05145263671875,22.363332748413086
2018-08-17,51.49245071411133,94.11100006103516,60.294166564941406,99.99568939208984,20.366666793823242
2018-08-20,50.99074172973633,93.83550262451172,60.59666442871094,99.33573913574219,20.562667846679688
2018-08-21,50.891326904296875,94.1709976196289,60.371524810791016,98.50847625732422,21.459999084472656
2018-08-22,50.893707275390625,95.24500274658203,60.58674621582031,99.51231384277344,21.44266700744629
2018-08-23,50.99783706665039,95.1449966430664,60.55748748779297,99.97708892822266,21.34000015258789
2018-08-24,51.156394958496094,95.26950073242188,61.33060836791992,100.75788879394531,21.521333694458008
2018-08-27,51.57765197753906,96.38400268554688,62.2985954284668,101.8732681274414,21.284666061401367
2018-08-28,51.994171142578125,96.64099884033203,61.78236770629883,102.48673248291016,20.790666580200195
2018-08-29,52.77041244506836,99.90499877929688,62.71416473388672,104.12264251708984,20.333999633789062
2018-08-30,53.25556945800781,100.11900329589844,62.207855224609375,104.05757904052734,20.209999084472656
2018-08-31,53.870880126953125,100.635498046875,61.08512878417969,104.41079711914062,20.110666275024414
2018-09-04,54.04364776611328,101.97550201416016,60.06903076171875,103.83450317382812,19.26333236694336
2018-09-05,53.69101333618164,99.74099731445312,59.46353530883789,100.84150695800781,18.715999603271484
2018-09-06,52.798824310302734,97.91549682617188,58.714229583740234,101.07390594482422,18.729999542236328
2018-09-07,52.37282943725586,97.60350036621094,58.396854400634766,100.58126831054688,17.549333572387695
2018-09-10,51.66995620727539,96.95050048828125,58.271385192871094,101.66874694824219,19.03333282470703
2018-09-11,52.976314544677734,99.35749816894531,59.01176452636719,103.39762115478516,18.62933349609375
2018-09-12,52.318389892578125,99.5,58.09981155395508,103.83450317382812,19.369333267211914
2018-09-13,53.58216094970703,99.49349975585938,58.62248229980469,104.94991302490234,19.297332763671875
2018-09-14,52.973941802978516,98.5094985961914,58.41618728637695,105.37747192382812,19.68000030517578
2018-09-17,51.56344985961914,95.40149688720703,57.51613235473633,104.23420715332031,19.6560001373291
2018-09-18,51.64864730834961,97.05249786376953,57.87714385986328,105.22875213623047,18.997333526611328
2018-09-19,51.679405212402344,96.32099914550781,58.23221969604492,103.82523345947266,19.934667587280273
2018-09-20,52.072261810302734,97.21499633789062,59.090126037597656,105.5633773803711,19.8886661529541
2018-09-21,51.511383056640625,95.75050354003906,58.12559509277344,106.20474243164062,19.940000534057617
2018-09-24,52.25212860107422,96.71800231933594,58.49454879760742,106.58583068847656,19.978666305541992
2018-09-25,52.58345413208008,98.72750091552734,59.205169677734375,106.38134002685547,20.06599998474121
2018-09-26,52.16456604003906,98.74250030517578,59.213600158691406,105.9444808959961,20.6386661529541
2018-09-27,53.236629486083984,100.64900207519531,59.873146057128906,106.34416198730469,20.501333236694336
2018-09-28,53.42359924316406,100.1500015258789,59.85926818847656,106.3069839477539,17.65133285522461
2018-10-01,53.7833137512207,100.21800231933594,59.93117141723633,107.4595718383789,20.713333129882812
2018-10-02,54.26137924194336,98.56549835205078,59.88703536987305,107.03199005126953,20.06800079345703
2018-10-03,54.92164993286133,97.63800048828125,60.0799446105957,107.05057525634766,19.65333366394043
2018-10-04,53.956077575683594,95.47100067138672,58.37106704711914,104.83837127685547,18.788667678833008
2018-10-05,53.080440521240234,94.48249816894531,57.912845611572266,104.22488403320312,17.463333129882812
2018-10-08,52.95737075805664,93.22100067138672,57.32223129272461,103.0351333618164,16.70400047302246
2018-10-09,53.69101333618164,93.51599884033203,56.78913497924805,104.34574890136719,17.520000457763672
2018-10-10,51.2037239074707,87.76249694824219,54.16036605834961,98.6758041381836,17.125333786010742
2018-10-11,50.751708984375,85.96800231933594,54.08994674682617,98.44341278076172,16.815332412719727
2018-10-12,52.56452178955078,89.43049621582031,55.56773376464844,101.84536743164062,17.25200080871582
2018-10-15,51.440372467041016,88.04750061035156,54.67015075683594,100.0142593383789,17.305999755859375
2018-10-16,52.5739860534668,90.99800109863281,56.18959045410156,103.17456817626953,18.439332962036133
2018-10-17,52.3467903137207,91.58650207519531,55.91734313964844,102.90499877929688,18.118667602539062
2018-10-18,51.12325668334961,88.53600311279297,54.44551086425781,100.8508071899414,17.5939998626709
2018-10-19,51.90187454223633,88.20149993896484,54.8060302734375,100.9995346069336,17.333332061767578
2018-10-22,52.21898651123047,89.46499633789062,55.112998962402344,101.90115356445312,17.39666748046875
2018-10-23,52.71124267578125,88.43499755859375,55.28853225708008,100.47900390625,19.609333038330078
2018-10-24,50.903160095214844,83.20999908447266,52.422725677490234,95.10649108886719,19.233333587646484
2018-10-25,52.01784133911133,89.1084976196289,54.727176666259766,100.66490936279297,20.99066734313965
2018-10-26,51.18952560424805,82.1405029296875,53.743309020996094,99.41937255859375,22.059999465942383
2018-10-29,50.22868347167969,76.94400024414062,51.312400817871094,96.52862548828125,22.323333740234375
2018-10-30,50.47955322265625,76.52100372314453,52.045345306396484,96.4170913696289,21.99333381652832
2018-10-31,51.795372009277344,79.90049743652344,54.082008361816406,99.27996826171875,22.488000869750977
2018-11-01,52.5905647277832,83.27649688720703,53.8538932800293,98.45271301269531,22.95199966430664
2018-11-02,49.102176666259766,83.27649688720703,53.135337829589844,98.6758041381836,23.0939998626709
2018-11-05,47.70825958251953,81.38999938964844,52.35379409790039,99.93061828613281,22.760000228881836
2018-11-06,48.22417449951172,82.1405029296875,53.040122985839844,100.12580108642578,22.737333297729492
2018-11-07,49.686737060546875,87.77449798583984,54.9577751159668,104.06687927246094,23.21066665649414
2018-11-08,49.51337814331055,87.74549865722656,54.28285217285156,103.87169647216797,23.426666259765625
2018-11-09,48.558677673339844,85.62149810791016,53.409568786621094,101.84536743164062,23.367332458496094
2018-11-12,46.11257553100586,81.84249877929688,52.037906646728516,99.33573913574219,22.0853328704834
2018-11-13,45.6518669128418,81.55850219726562,51.96897888183594,99.40079498291016,22.582000732421875
2018-11-14,44.36231994628906,79.95050048828125,52.29676818847656,97.9911880493164,22.933332443237305
2018-11-15,45.45710754394531,80.97200012207031,53.1135139465332,100.14759826660156,23.229333877563477
2018-11-16,45.96057891845703,79.67050170898438,52.97566223144531,101.09046173095703,23.62066650390625
2018-11-19,44.139068603515625,75.614501953125,50.949893951416016,97.66446685791016,23.564666748046875
2018-11-20,42.03020477294922,74.77300262451172,51.10015869140625,94.94792175292969,23.166000366210938
2018-11-21,41.982704162597656,75.83650207519531,51.74383544921875,96.25483703613281,22.54599952697754
2018-11-23,40.9163932800293,75.10299682617188,51.082801818847656,96.21749877929688,21.722000122070312
2018-11-26,41.469730377197266,79.06649780273438,52.36420822143555,99.3914566040039,23.066667556762695
2018-11-27,41.379493713378906,79.07099914550781,52.18270492553711,100.01689910888672,22.92799949645996
2018-11-28,42.97062683105469,83.88749694824219,54.14201736450195,103.73231506347656,23.191333770751953
2018-11-29,42.64054489135742,83.67849731445312,54.280372619628906,102.8641128540039,22.744667053222656
2018-11-30,42.41017150878906,84.50849914550781,55.02769470214844,103.5176010131836,23.365333557128906
2018-12-03,43.89209747314453,88.61799621582031,55.36044692993164,104.6378402709961,23.89933204650879
2018-12-04,41.96133804321289,83.41999816894531,52.68803024291992,101.30516815185547,23.979999542236328
2018-12-06,41.49348831176758,84.95950317382812,53.462135314941406,101.93061065673828,24.20400047302246
2018-12-07,40.013954162597656,81.45649719238281,51.900047302246094,97.85115814208984,23.864667892456055
2018-12-10,40.27756118774414,82.05149841308594,52.22734832763672,100.43698120117188,24.343332290649414
2018-12-11,40.04719543457031,82.16200256347656,52.64737319946289,101.37051391601562,24.450666427612305
2018-12-12,40.15882110595703,83.177001953125,53.24641418457031,101.82794952392578,24.440000534057617
2018-12-13,40.59816360473633,82.91899871826172,53.236995697021484,102.17333221435547,25.119333267211914
2018-12-14,39.299110412597656,79.59549713134766,52.15444564819336,98.98070526123047,24.380666732788086
2018-12-17,38.933387756347656,76.04550170898438,50.86212921142578,96.04948425292969,23.22800064086914
2018-12-18,39.43923568725586,77.5739974975586,51.74285125732422,97.05767822265625,22.468666076660156
2018-12-19,38.20906448364258,74.75399780273438,51.34859848022461,96.7962875366211,22.197999954223633
2018-12-20,37.2448616027832,73.04149627685547,50.75947189331055,94.76122283935547,21.025333404541016
2018-12-21,35.796207427978516,68.87249755859375,49.15622329711914,91.69930267333984,21.31800079345703
2018-12-24,34.8700065612793,67.197998046875,48.82992172241211,87.8718490600586,19.69266700744629
2018-12-26,37.32561111450195,73.54499816894531,51.96302795410156,93.8743667602539,21.73933219909668
2018-12-27,37.08336639404297,73.08200073242188,52.21345901489258,94.45316314697266,21.075332641601562
2018-12-28,37.102378845214844,73.9010009765625,51.905006408691406,93.7156753540039,22.257999420166016
2018-12-31,37.46097946166992,75.09850311279297,51.8197135925293,94.81723022460938,22.18666648864746
2019-01-02,37.503719329833984,76.95649719238281,52.30173110961914,94.39715576171875,20.674667358398438
2019-01-03,33.76808166503906,75.01399993896484,50.85319900512695,90.92446899414062,20.02400016784668
2019-01-04,35.209617614746094,78.76950073242188,53.46163558959961,95.15328979492188,21.179332733154297
2019-01-07,35.131248474121094,81.47550201416016,53.35502624511719,95.27464294433594,22.33066749572754
2019-01-08,35.80094528198242,82.8290023803711,53.82365417480469,95.96546173095703,22.356666564941406
2019-01-09,36.40890884399414,82.97100067138672,53.63916778564453,97.33773040771484,22.568666458129883
2019-01-10,36.525291442871094,82.81099700927734,53.49932861328125,96.7122802734375,22.99799919128418
2019-01-11,36.16667938232422,82.02799987792969,52.7872200012207,95.96546173095703,23.150667190551758
2019-01-14,35.62285614013672,80.8604965209961,52.14453125,95.26531982421875,22.293333053588867
2019-01-15,36.351924896240234,83.72799682617188,53.88018035888672,98.02854919433594,22.961999893188477
2019-01-16,36.7960205078125,84.18900299072266,54.02894973754883,98.37391662597656,23.06999969482422
2019-01-17,37.01449966430664,84.66100311279297,54.505516052246094,99.06474304199219,23.15399932861328
2019-01-18,37.242496490478516,84.80999755859375,54.91116714477539,100.54899597167969,20.150667190551758
2019-01-22,36.40653991699219,81.6084976196289,53.489410400390625,98.65399169921875,19.92799949645996
2019-01-23,36.55378341674805,82.0009994506836,53.77604293823242,99.61549377441406,19.172666549682617
2019-01-24,36.264041900634766,82.74649810791016,53.755706787109375,99.13941192626953,19.43400001525879
2019-01-25,37.465736389160156,83.52850341796875,54.62403106689453,100.04492950439453,19.80266761779785
2019-01-28,37.118995666503906,81.89450073242188,53.5504035949707,98.09387969970703,19.7586669921875
2019-01-29,36.73427963256836,79.69400024414062,53.064422607421875,96.09614562988281,19.83066749572754
2019-01-30,39.2444953918457,83.52149963378906,54.44947814941406,99.30744171142578,20.584667205810547
2019-01-31,39.527103424072266,85.9365005493164,55.833038330078125,97.48705291748047,20.468000411987305
2019-02-01,39.54610061645508,81.3115005493164,55.4725227355957,95.94678497314453,20.81399917602539
2019-02-04,40.669410705566406,81.66549682617188,56.603179931640625,98.7099838256836,20.859333038330078
2019-02-05,41.365238189697266,82.94049835205078,57.12138748168945,100.09159851074219,21.42333221435547
2019-02-06,41.379493713378906,82.01300048828125,55.68426513671875,98.98070526123047,21.148000717163086
2019-02-07,40.595787048339844,80.71849822998047,54.84223175048828,98.27124786376953,20.500667572021484
2019-02-08,40.643497467041016,79.41100311279297,54.667171478271484,98.6446304321289,20.386667251586914
2019-02-11,40.40975570678711,79.55000305175781,54.6542854309082,98.2525863647461,20.856000900268555
2019-02-12,40.757972717285156,81.90049743652344,55.916847229003906,99.7835464477539,20.78733253479004
2019-02-13,40.5886344909668,82.0,55.968910217285156,99.7088623046875,20.544666290283203
2019-02-14,40.73651123046875,81.13249969482422,55.9971809387207,99.79287719726562,20.251333236694336
2019-02-15,40.645870208740234,80.39749908447266,55.522605895996094,101.02510833740234,20.525333404541016
2019-02-19,40.76750946044922,81.37899780273438,55.86378479003906,100.97844696044922,20.375999450683594
2019-02-20,41.02986145019531,81.1050033569336,55.570213317871094,100.45342254638672,20.17066764831543
2019-02-21,40.79850387573242,80.97200012207031,54.75791931152344,102.57219696044922,19.415332794189453
2019-02-22,41.25406265258789,81.5780029296875,55.370365142822266,104.0346908569336,19.6473331451416
2019-02-25,41.5545768737793,81.6500015258789,55.40855407714844,104.6159439086914,19.917999267578125
2019-02-26,41.57843017578125,81.81999969482422,55.640628814697266,105.33779907226562,19.857332229614258
2019-02-27,41.707210540771484,82.05449676513672,55.68426513671875,105.1596908569336,20.982667922973633
2019-02-28,41.29697799682617,81.99150085449219,55.86576843261719,105.02845001220703,21.325332641601562
2019-03-01,41.73107147216797,83.58650207519531,56.955265045166016,105.49720001220703,19.652666091918945
2019-03-04,41.94095230102539,84.80850219726562,57.19826126098633,105.24409484863281,19.02400016784668
2019-03-05,41.864627838134766,84.62149810791016,57.98029327392578,104.71907806396484,18.43600082397461
2019-03-06,41.623756408691406,83.44750213623047,57.76953887939453,104.76594543457031,18.416000366210938
2019-03-07,41.14196014404297,81.29750061035156,57.0708122253418,103.49095916748047,18.439332962036133
2019-03-08,41.23975372314453,81.04000091552734,57.02716827392578,103.60343170166016,18.94266700744629
2019-03-11,42.668392181396484,83.53099822998047,58.47966384887695,105.7784423828125,19.39466667175293
2019-03-12,43.14778518676758,83.65499877929688,59.37179183959961,106.51908111572266,18.890666961669922
2019-03-13,43.33857727050781,84.54049682617188,59.461551666259766,107.3440933227539,19.263999938964844
2019-03-14,43.82036209106445,84.31099700927734,59.13772201538086,107.4284439086914,19.33066749572754
2019-03-15,44.390380859375,85.61799621582031,59.02714157104492,108.66596984863281,18.36199951171875
2019-03-18,44.84354019165039,87.10749816894531,58.94036102294922,110.22219848632812,17.965999603271484
2019-03-19,44.48816680908203,88.09249877929688,59.63016128540039,110.29720306396484,17.83133316040039
2019-03-20,44.8769416809082,89.8635025024414,60.81883239746094,110.17532348632812,18.239999771118164
2019-03-21,46.52976989746094,90.96299743652344,61.29985427856445,112.70658874511719,18.26799964904785
2019-03-22,45.56620788574219,88.2385025024414,59.88753128051758,109.73471069335938,17.635332107543945
2019-03-25,45.01527404785156,88.71299743652344,59.378238677978516,110.30658721923828,17.3613338470459
2019-03-26,44.55017852783203,89.18800354003906,59.00432586669922,110.54096984863281,17.851333618164062
2019-03-27,44.95088195800781,88.28500366210938,58.41767501831055,109.47222137451172,18.32200050354004
2019-03-28,45.01049041748047,88.6709976196289,58.133033752441406,109.62220764160156,18.57466697692871
2019-03-29,45.30386734008789,89.0374984741211,58.36214065551758,110.569091796875,18.657333374023438
2019-04-01,45.611534118652344,90.70950317382812,59.457584381103516,111.58159637451172,19.278667449951172
2019-04-02,46.27456283569336,90.6989974975586,59.782894134521484,111.74098205566406,19.058666229248047
2019-04-03,46.591793060302734,91.03500366210938,60.04423522949219,112.47221374511719,19.45400047302246
2019-04-04,46.67287063598633,90.94300079345703,60.47269821166992,111.90033721923828,17.851999282836914
2019-04-05,46.98530960083008,91.86399841308594,60.07596969604492,112.39720916748047,18.33066749572754
2019-04-08,47.72467803955078,92.49299621582031,59.91877365112305,112.43470764160156,18.213333129882812
2019-04-09,47.581581115722656,91.79199981689453,59.641563415527344,111.8253173828125,18.15399932861328
2019-04-10,47.84868240356445,92.36650085449219,59.82802200317383,112.67848205566406,18.40399932861328
2019-04-11,47.45039367675781,92.20349884033203,59.98373031616211,112.8097152709961,17.89466667175293
2019-04-12,47.43130874633789,92.15299987792969,60.63534927368164,113.3909683227539,17.84666633605957
2019-04-15,47.51718521118164,92.24349975585938,60.82378387451172,113.4847412109375,17.7586669921875
2019-04-16,47.521942138671875,93.1520004272461,61.09059143066406,113.22220611572266,18.224000930786133
2019-04-17,48.44733810424805,93.24099731445312,61.498714447021484,114.15972137451172,18.082000732421875
2019-04-18,48.62145233154297,93.08450317382812,61.564666748046875,115.65973663330078,18.21733283996582
2019-04-22,48.78125,94.3655014038086,62.17413330078125,116.02536010742188,17.516666412353516
2019-04-23,49.484840393066406,96.1884994506836,63.00873565673828,117.6003646850586,17.593332290649414
2019-04-24,49.408512115478516,95.0875015258789,62.486053466796875,117.19725036621094,17.243999481201172
2019-04-25,48.960121154785156,95.11250305175781,62.84756088256836,121.0784683227539,16.5086669921875
2019-04-26,48.726402282714844,97.53150177001953,63.347434997558594,121.77224731445312,15.675999641418457
2019-04-29,48.80032730102539,96.92150115966797,64.27872467041016,121.65973663330078,16.097999572753906
2019-04-30,47.860626220703125,96.32599639892578,59.45658493041992,122.43787384033203,15.912667274475098
2019-05-01,50.20988464355469,95.57599639892578,58.18510437011719,119.88787078857422,15.600666999816895
2019-05-02,49.883140563964844,95.04100036621094,57.84738540649414,118.32225036621094,16.273332595825195
2019-05-03,50.50324249267578,98.12300109863281,58.98994827270508,120.8441162109375,17.00200080871582
2019-05-06,49.72334289550781,97.52749633789062,59.18384552001953,120.14099884033203,17.022666931152344
2019-05-07,48.38295364379883,96.05000305175781,58.459835052490234,117.67535400390625,16.470666885375977
2019-05-08,48.392494201660156,95.88849639892578,58.05914306640625,117.66598510742188,16.32266616821289
2019-05-09,47.87255096435547,94.99349975585938,57.91979217529297,117.6565933227539,16.131999969482422
2019-05-10,47.2093391418457,94.4990005493164,57.9034309387207,119.18474578857422,15.968000411987305
2019-05-13,44.46556854248047,91.13400268554688,56.36365509033203,115.64097595214844,15.133999824523926
2019-05-14,45.16947555541992,92.00599670410156,55.781959533691406,116.93473052978516,15.487333297729492
2019-05-15,45.710567474365234,93.55750274658203,58.06013488769531,118.58142852783203,15.463333129882812
2019-05-16,45.50945281982422,95.37850189208984,58.73951721191406,121.31967163085938,15.222000122070312
2019-05-17,45.25086975097656,93.44999694824219,57.959964752197266,120.51045227050781,14.0686674118042
2019-05-20,43.835880279541016,92.94850158691406,56.763851165771484,118.76961517333984,13.690667152404785
2019-05-21,44.67625427246094,92.8759994506836,57.24884033203125,119.40949249267578,13.67199993133545
2019-05-22,43.76165771484375,92.98400115966797,57.31876754760742,120.13404846191406,12.84866714477539
2019-05-23,43.014671325683594,90.77400207519531,56.797569274902344,118.73198699951172,13.03266716003418
2019-05-24,42.849464416503906,91.16400146484375,56.46383285522461,118.78844451904297,12.708666801452637
2019-05-28,42.67229461669922,91.82150268554688,56.51093673706055,118.71316528320312,12.579999923706055
2019-05-29,42.468780517578125,90.95950317382812,55.53798294067383,117.56519317626953,12.657333374023438
2019-05-30,42.68905258178711,90.81600189208984,55.610877990722656,118.3085708618164,12.54800033569336
2019-05-31,41.91572189331055,88.75350189208984,54.871490478515625,116.37954711914062,12.343999862670898
2019-06-03,41.491943359375,84.6344985961914,51.51125717163086,112.76619720458984,11.9313325881958
2019-06-04,43.00987243652344,86.47799682617188,52.292301177978516,115.89026641845703,12.90666675567627
2019-06-05,43.70420455932617,86.92500305175781,51.803836822509766,118.40266418457031,13.105999946594238
2019-06-06,44.34585189819336,87.71800231933594,51.95856857299805,120.27520751953125,13.729999542236328
2019-06-07,45.52621078491211,90.20149993896484,52.98060989379883,123.64389038085938,13.633333206176758
2019-06-10,46.10801315307617,93.03150177001953,53.694217681884766,124.77305603027344,14.192000389099121
2019-06-11,46.64192581176758,93.18499755859375,53.608924865722656,124.30254364013672,14.473333358764648
2019-06-12,46.493473052978516,92.76599884033203,53.51272201538086,123.72858428955078,13.950667381286621
2019-06-13,46.4838981628418,93.51499938964844,54.103336334228516,124.50955200195312,14.260666847229004
2019-06-14,46.14631652832031,93.4834976196289,53.86977005004883,124.63191223144531,14.32800006866455
2019-06-17,46.42163848876953,94.30149841308594,54.24616241455078,125.00828552246094,15.001999855041504
2019-06-18,47.5134162902832,95.06849670410156,54.80900192260742,127.1819076538086,14.982666969299316
2019-06-19,47.374549865722656,95.43949890136719,54.772804260253906,127.6806640625,15.095333099365234
2019-06-20,47.75524139404297,95.90950012207031,55.20374298095703,128.8662872314453,14.641332626342773
2019-06-21,47.59242248535156,95.56500244140625,55.807254791259766,128.8850860595703,14.790666580200195
2019-06-24,47.5445442199707,95.69499969482422,55.377296447753906,129.64727783203125,14.909333229064941
2019-06-25,46.823883056640625,93.91349792480469,53.93324279785156,125.55403900146484,14.650667190551758
2019-06-26,47.83664321899414,94.8915023803711,53.573219299316406,126.0245590209961,14.618000030517578
2019-06-27,47.822269439697266,95.21399688720703,53.390228271484375,126.23151397705078,14.855999946594238
2019-06-28,47.38652038574219,94.68150329589844,53.69620132446289,126.0527572631836,14.897333145141602
2019-07-01,48.2556266784668,96.1094970703125,54.54915237426758,127.67127990722656,15.14466667175293
2019-07-02,48.538150787353516,96.71549987792969,55.17398452758789,128.51809692382812,14.970000267028809
2019-07-03,48.94037628173828,96.94999694824219,55.689231872558594,129.34616088867188,15.65999984741211
2019-07-05,48.897274017333984,97.14550018310547,56.16925811767578,128.96978759765625,15.539999961853027
2019-07-08,47.889312744140625,97.61599731445312,55.38176727294922,128.87567138671875,15.355999946594238
2019-07-09,48.18141174316406,99.41500091552734,55.753692626953125,128.40516662597656,15.337332725524902
2019-07-10,48.65785598754883,100.87049865722656,56.577884674072266,129.7131805419922,15.928000450134277
2019-07-11,48.30350112915039,100.05349731445312,56.73508834838867,130.23068237304688,15.90666675567627
2019-07-12,48.67461013793945,100.55000305175781,56.797569274902344,130.701171875,16.338666915893555
2019-07-15,49.13190460205078,101.04949951171875,57.053951263427734,130.701171875,16.899999618530273
2019-07-16,48.961917877197266,100.49500274658203,57.20023727416992,128.9886474609375,16.825332641601562
2019-07-17,48.68659591674805,99.60150146484375,56.867000579833984,128.2264404296875,16.99066734313965
2019-07-18,49.23965072631836,98.8949966430664,56.89178466796875,128.3675537109375,16.902666091918945
2019-07-19,48.50461959838867,98.22599792480469,56.11372375488281,128.55575561523438,17.211999893188477
2019-07-22,49.6131477355957,99.28150177001953,56.49358367919922,130.2589111328125,17.045333862304688
2019-07-23,50.00101089477539,99.72450256347656,56.93196487426758,131.06813049316406,17.344667434692383
2019-07-24,49.960304260253906,100.04049682617188,56.51936721801758,132.4137420654297,17.658666610717773
2019-07-25,49.565269470214844,98.69100189208984,56.3314208984375,131.91505432128906,15.254667282104492
2019-07-26,49.737648010253906,97.15249633789062,61.75062942504883,132.99713134765625,15.202667236328125
2019-07-29,50.20212936401367,95.62249755859375,61.58301544189453,132.7054443359375,15.718000411987305
2019-07-30,49.98664855957031,94.92649841308594,60.896690368652344,132.06561279296875,16.150667190551758
2019-07-31,51.006587982177734,93.33899688720703,60.41070556640625,128.2264404296875,16.107332229614258
2019-08-01,49.90284729003906,92.76599884033203,60.09233856201172,129.91075134277344,15.59000015258789
2019-08-02,48.84700012207031,91.16200256347656,59.325679779052734,128.81924438476562,15.62266731262207
2019-08-05,46.28997039794922,88.25650024414062,57.26421356201172,124.40608215332031,15.221332550048828
2019-08-06,47.166255950927734,89.3915023803711,58.074012756347656,126.73970031738281,15.383333206176758
2019-08-07,47.654666900634766,89.66999816894531,58.313541412353516,127.29483032226562,15.561332702636719
2019-08-08,48.70573425292969,91.64450073242188,59.81513214111328,130.6917724609375,15.886667251586914
2019-08-09,48.30438232421875,90.37899780273438,58.95771408081055,129.58143615722656,15.667332649230957
2019-08-12,48.18181228637695,89.24600219726562,58.243614196777344,127.77471923828125,15.267333030700684
2019-08-13,50.22224044799805,91.21700286865234,59.346004486083984,130.4188690185547,15.666666984558105
2019-08-14,48.72736358642578,88.14800262451172,57.73531723022461,126.49140167236328,14.641332626342773
2019-08-15,48.48463439941406,88.80599975585938,57.98674392700195,126.20818328857422,14.37600040435791
2019-08-16,49.62862777709961,89.62850189208984,58.4771842956543,128.52125549316406,14.662667274475098
2019-08-19,50.553890228271484,90.80599975585938,59.52998733520508,130.67376708984375,15.121999740600586
2019-08-20,50.556297302246094,90.06900024414062,58.6914176940918,129.58807373046875,15.057332992553711
2019-08-21,51.10425567626953,91.177001953125,59.090614318847656,131.0325164794922,14.722000122070312
2019-08-22,51.06100082397461,90.23300170898438,59.08763885498047,130.07899475097656,14.8100004196167
2019-08-23,48.70093536376953,87.48100280761719,57.20619201660156,125.93436431884766,14.09333324432373
2019-08-26,49.62620544433594,88.44349670410156,58.07897186279297,127.87923431396484,14.333333015441895
2019-08-27,49.06624221801758,88.09149932861328,58.06112289428711,128.15304565429688,14.272000312805176
2019-08-28,49.3954963684082,88.2125015258789,58.2064208984375,127.98307037353516,14.37266731262207
2019-08-29,50.231842041015625,89.31999969482422,59.2225341796875,130.3999786376953,14.780667304992676
2019-08-30,50.16696548461914,88.81449890136719,59.038551330566406,130.154541015625,15.040666580200195
2019-09-03,49.43634796142578,89.49199676513672,57.99814224243164,128.4362335205078,15.000666618347168
2019-09-04,50.275115966796875,90.03099822998047,58.628929138183594,129.9373779296875,14.711999893188477
2019-09-05,51.2580680847168,92.03600311279297,60.1126708984375,132.2221221923828,15.305333137512207
2019-09-06,51.25326156616211,91.67549896240234,59.82157897949219,131.32522583007812,15.16333293914795
2019-09-09,51.47196960449219,91.56749725341797,59.769500732421875,129.83355712890625,15.452667236328125
2019-09-10,52.08000183105469,91.02749633789062,59.79083251953125,128.47401428222656,15.702667236328125
2019-09-11,53.73588943481445,91.14949798583984,60.499969482421875,128.5117645263672,16.47333335876465
2019-09-12,53.615726470947266,92.17749786376953,61.242340087890625,129.83355712890625,16.391332626342773
2019-09-13,52.57268524169922,91.96700286865234,61.493255615234375,129.6446990966797,16.34666633605957
2019-09-16,52.849056243896484,90.39199829101562,61.076698303222656,128.7100372314453,16.187332153320312
2019-09-17,53.04133987426758,91.12750244140625,60.98992156982422,129.71078491210938,16.319332122802734
2019-09-18,53.53883361816406,90.87300109863281,61.12728500366211,130.77764892578125,16.232667922973633
2019-09-19,53.103824615478516,91.07499694824219,61.42978286743164,133.18508911132812,16.440000534057617
2019-09-20,52.32754135131836,89.70800018310547,60.987937927246094,131.646240234375,16.041332244873047
2019-09-23,52.56548309326172,89.26499938964844,61.22844314575195,131.3629913330078,16.082000732421875
2019-09-24,52.315528869628906,87.08049774169922,60.417144775390625,129.701416015625,14.880666732788086
2019-09-25,53.120643615722656,88.41649627685547,61.78634262084961,131.5707244873047,15.24666690826416
2019-09-26,52.846656799316406,86.99199676513672,61.60532760620117,131.74066162109375,16.17066764831543
2019-09-27,52.58951950073242,86.27249908447266,60.79502868652344,130.03179931640625,16.142000198364258
2019-09-30,53.82721710205078,86.79550170898438,60.55650329589844,131.25914001464844,16.058000564575195
2019-10-01,53.97623825073242,86.78250122070312,59.805702209472656,129.40870666503906,16.312667846679688
2019-10-02,52.62316131591797,85.6614990234375,58.41321563720703,127.12394714355469,16.208667755126953
2019-10-03,53.07017517089844,86.22100067138672,58.9839973449707,128.662841796875,15.535332679748535
2019-10-04,54.55782699584961,86.98249816894531,60.051673889160156,130.3999786376953,15.428667068481445
2019-10-07,54.56984329223633,86.63300323486328,59.91728591918945,129.45591735839844,15.847999572753906
2019-10-08,53.930564880371094,85.27549743652344,59.01871109008789,128.08692932128906,16.003332138061523
2019-10-09,54.5626335144043,86.09950256347656,59.62718200683594,130.5133056640625,16.302000045776367
2019-10-10,55.298057556152344,86.01300048828125,59.977783203125,131.32522583007812,16.31599998474121
2019-10-11,56.76888656616211,86.59600067138672,60.2872314453125,131.8727569580078,16.525999069213867
2019-10-14,56.68718719482422,86.82150268554688,60.389381408691406,131.7501220703125,17.130666732788086
2019-10-15,56.55498504638672,88.36900329589844,61.60285568237305,133.6571502685547,17.19266700744629
2019-10-16,56.3266716003418,88.87149810791016,61.640541076660156,132.56199645996094,17.316667556762695
2019-10-17,56.545387268066406,89.3740005493164,62.12651824951172,131.88223266601562,17.46466636657715
2019-10-18,56.816951751708984,87.87550354003906,61.71046447753906,129.7296905517578,17.1299991607666
2019-10-21,57.80231475830078,89.28299713134766,61.70402145385742,130.69265747070312,16.899999618530273
2019-10-22,57.670135498046875,88.2864990234375,61.55127716064453,128.74783325195312,17.038667678833008
2019-10-23,58.44398880004883,88.1084976196289,62.366050720214844,129.5692138671875,16.978666305541992
2019-10-24,58.54014205932617,89.03900146484375,62.43943786621094,132.11831665039062,19.978666305541992
2019-10-25,59.26112747192383,88.06649780273438,62.69681167602539,132.8640899658203,21.875333786010742
2019-10-28,59.8547477722168,88.85399627685547,63.920692443847656,136.13075256347656,21.847333908081055
2019-10-29,58.47043228149414,88.135498046875,62.516300201416016,134.84671020507812,21.08133316040039
2019-10-30,58.463226318359375,88.99949645996094,62.51829147338867,136.52723693847656,21.000667572021484
2019-10-31,59.785064697265625,88.83300018310547,62.42406463623047,135.35653686523438,20.994667053222656
2019-11-01,61.48180389404297,89.5719985961914,63.09104919433594,135.68699645996094,20.887332916259766
2019-11-04,61.88556671142578,90.23300170898438,63.95193862915039,136.47064208984375,21.1646671295166
2019-11-05,61.79664993286133,90.08550262451172,64.04268646240234,136.3856201171875,21.148000717163086
2019-11-06,61.82307434082031,89.78849792480469,64.02135467529297,136.00799560546875,21.77199935913086
2019-11-07,62.53658676147461,89.41000366210938,64.81133270263672,136.19680786132812,22.369333267211914
2019-11-08,62.70774459838867,89.29399871826172,64.91348266601562,137.80181884765625,22.47599983215332
2019-11-11,63.20433044433594,88.5824966430664,64.38188934326172,137.94338989257812,23.006000518798828
2019-11-12,63.14646911621094,88.9000015258789,64.32882690429688,138.84971618652344,23.32866668701172
2019-11-13,63.75152587890625,87.65550231933594,64.27774047851562,139.0763397216797,23.073999404907227
2019-11-14,63.31038284301758,87.7300033569336,64.92093658447266,139.78443908691406,23.290000915527344
2019-11-15,64.06246948242188,86.97450256347656,66.13043975830078,141.587646484375,23.47800064086914
2019-11-18,64.3854751586914,87.62650299072266,65.4510498046875,141.93699645996094,23.332666397094727
2019-11-19,64.19023132324219,87.6395034790039,65.09152221679688,141.98419189453125,23.968000411987305
2019-11-20,63.442955017089844,87.27649688720703,64.5594253540039,141.7378692626953,23.481332778930664
2019-11-21,63.15852355957031,86.7354965209961,64.47412109375,141.60525512695312,23.655332565307617
2019-11-22,63.103065490722656,87.28600311279297,64.15327453613281,141.70953369140625,22.202667236328125
2019-11-25,64.2094955444336,88.69200134277344,64.74686431884766,143.2630157470703,22.422666549682617
2019-11-26,63.70813751220703,89.84700012207031,65.11185455322266,144.02093505859375,21.92799949645996
2019-11-27,64.56387329101562,90.92549896240234,65.06871032714844,144.2956085205078,22.086000442504883
2019-11-29,64.42163848876953,90.04000091552734,64.67000579833984,143.40516662597656,21.996000289916992
2019-12-02,63.676761627197266,89.08000183105469,63.91474914550781,141.6715545654297,22.32466697692871
2019-12-03,62.541419982910156,88.49800109863281,64.20632934570312,141.4442138671875,22.413333892822266
2019-12-04,63.09342956542969,88.03450012207031,65.40641021728516,141.9557342529297,22.20199966430664
2019-12-05,64.01907348632812,87.02400207519531,65.80412292480469,142.0315704345703,22.024667739868164
2019-12-06,65.25568389892578,87.58000183105469,66.42053985595703,143.7556915283203,22.392667770385742
2019-12-09,64.34207916259766,87.47550201416016,66.59905242919922,143.38626098632812,22.635332107543945
2019-12-10,64.71814727783203,86.96050262451172,66.5940933227539,143.1683349609375,23.256000518798828
2019-12-11,65.27015686035156,87.43599700927734,66.66152954101562,143.70834350585938,23.51333236694336
2019-12-12,65.43647003173828,88.0165023803711,66.8718032836914,145.16717529296875,23.978666305541992
2019-12-13,66.32596588134766,88.0469970703125,66.79147338867188,146.38922119140625,23.892667770385742
2019-12-16,67.4613037109375,88.46050262451172,67.477294921875,147.3365478515625,25.433332443237305
2019-12-17,67.59391784667969,89.53299713134766,67.18919372558594,146.5408172607422,25.266000747680664
2019-12-18,67.4323959350586,89.20149993896484,67.04139709472656,146.2376251220703,26.209999084472656
2019-12-19,67.49987030029297,89.61399841308594,67.26603698730469,147.507080078125,26.93600082397461
2019-12-20,67.3600845336914,89.32499694824219,67.00718688964844,149.11752319335938,27.03933334350586
2019-12-23,68.45928192138672,89.6500015258789,66.97792053222656,149.11752319335938,27.947999954223633
2019-12-24,68.52436828613281,89.46050262451172,66.67046356201172,149.08909606933594,28.350000381469727
2019-12-26,69.8839111328125,93.4384994506836,67.56507110595703,150.31114196777344,28.729333877563477
2019-12-27,69.85741424560547,93.48999786376953,67.17680358886719,150.58584594726562,28.691999435424805
2019-12-30,70.27201080322266,92.34449768066406,66.43640899658203,149.2880096435547,27.64666748046875
2019-12-31,70.78546142578125,92.39199829101562,66.42053985595703,149.39224243164062,27.8886661529541
2020-01-02,72.4005355834961,94.90049743652344,67.8730239868164,152.15838623046875,28.68400001525879
2020-01-03,71.69664001464844,93.74849700927734,67.51795959472656,150.26373291015625,29.534000396728516
2020-01-06,72.26792907714844,95.14399719238281,69.31759643554688,150.65213012695312,30.1026668548584
2020-01-07,71.92806243896484,95.34300231933594,69.18370056152344,149.27854919433594,31.270666122436523
2020-01-08,73.08512115478516,94.59850311279297,69.67613220214844,151.65634155273438,32.80933380126953
2020-01-09,74.63749694824219,95.05249786376953,70.4075927734375,153.55096435546875,32.089332580566406
2020-01-10,74.80622863769531,94.15799713134766,70.86231994628906,152.84048461914062,31.876667022705078
2020-01-13,76.4044189453125,94.56500244140625,71.41130065917969,154.67828369140625,34.990665435791016
2020-01-14,75.37271881103516,93.47200012207031,70.94316101074219,153.5888671875,35.861331939697266
2020-01-15,75.04969024658203,93.10099792480469,71.3701171875,154.58352661132812,34.56666564941406
2020-01-16,75.98979187011719,93.89700317382812,71.91364288330078,157.41603088378906,34.232666015625
2020-01-17,76.8310775756836,93.23600006103516,73.3696060180664,158.29702758789062,34.03333282470703
2020-01-21,76.31040954589844,94.5999984741211,73.5049819946289,157.72862243652344,36.47999954223633
2020-01-22,76.5827865600586,94.37300109863281,73.58531951904297,156.97079467773438,37.97066879272461
2020-01-23,76.95159149169922,94.22899627685547,73.62598419189453,157.93702697753906,38.14666748046875
2020-01-24,76.72984313964844,93.08200073242188,72.70757293701172,156.3455352783203,37.654666900634766
2020-01-27,74.47358703613281,91.41699981689453,70.99968719482422,153.73092651367188,37.201332092285156
2020-01-28,76.58040618896484,92.6624984741211,71.93049621582031,156.74342346191406,37.793331146240234
2020-01-29,78.18338775634766,92.9000015258789,72.23795318603516,159.1874542236328,38.732666015625
2020-01-30,78.07009887695312,93.53399658203125,72.11647033691406,163.67779541015625,42.72066879272461
2020-01-31,74.60855865478516,100.43599700927734,71.0517578125,161.2621307373047,43.371334075927734
2020-02-03,74.4036865234375,100.20999908447266,73.5223388671875,165.19351196289062,52.0
2020-02-04,76.86002349853516,102.4834976196289,71.67808532714844,170.63113403320312,59.137332916259766
2020-02-05,77.48676300048828,101.99349975585938,71.70980834960938,170.42269897460938,48.97999954223633
2020-02-06,78.39310455322266,102.5114974975586,73.19355773925781,173.95619201660156,49.930667877197266
2020-02-07,77.32752990722656,103.96399688720703,73.34928131103516,174.20254516601562,49.871334075927734
2020-02-10,77.69482421875,106.69550323486328,74.81465911865234,178.7591094970703,51.41866683959961
2020-02-11,77.22604370117188,107.54000091552734,74.88407897949219,174.72352600097656,51.62533187866211
2020-02-12,79.06001281738281,108.0,75.30906677246094,174.9792938232422,51.15266799926758
2020-02-13,78.49700927734375,107.49349975585938,75.04922485351562,174.03201293945312,53.599998474121094
2020-02-14,78.51634216308594,106.74349975585938,75.31402587890625,175.58558654785156,53.33533477783203
2020-02-18,77.07866668701172,107.78350067138672,75.3492431640625,177.36654663085938,57.22666549682617
2020-02-19,78.19496154785156,108.51100158691406,75.61851501464844,177.8984832763672,61.16133117675781
2020-02-20,77.39278411865234,107.65499877929688,75.22774505615234,175.1817626953125,59.96066665649414
2020-02-21,75.64099884033203,104.79850006103516,73.56497955322266,169.64382934570312,60.06666564941406
2020-02-24,72.04801177978516,100.4645004272461,70.41104125976562,162.32952880859375,55.58599853515625
2020-02-25,69.60760498046875,98.63700103759766,68.747802734375,159.6508331298828,53.32733154296875
2020-02-26,70.71183776855469,98.97949981689453,68.95359802246094,161.64556884765625,51.91999816894531
2020-02-27,66.08952331542969,94.21499633789062,65.20854949951172,150.2562255859375,45.266666412353516
2020-02-28,66.05088806152344,94.1875,66.41360473632812,153.89439392089844,44.53266525268555
2020-03-02,72.20023345947266,97.69750213623047,68.747802734375,164.13433837890625,49.574668884277344
2020-03-03,69.90721893310547,95.44950103759766,66.33772277832031,156.26913452148438,49.70066833496094
2020-03-04,73.14984130859375,98.79149627685547,68.51373291015625,162.00657653808594,49.96666717529297
2020-03-05,70.77706909179688,96.20149993896484,65.19913482666016,157.9409942626953,48.30266571044922
2020-03-06,69.8371353149414,95.05449676513672,64.25592803955078,153.4764404296875,46.89866638183594
2020-03-09,64.3135986328125,90.03050231933594,60.29119110107422,143.07492065429688,40.53333282470703
2020-03-10,68.94551849365234,94.59100341796875,63.23585510253906,152.85899353027344,43.02199935913086
2020-03-11,66.551025390625,91.04299926757812,60.0486946105957,145.9341583251953,42.28200149536133
2020-03-12,59.978790283203125,83.83049774169922,55.121917724609375,132.093994140625,37.369998931884766
2020-03-13,67.16476440429688,89.25,60.21581268310547,150.87367248535156,36.44133377075195
2020-03-16,58.52421569824219,84.4574966430664,53.21022033691406,128.63633728027344,29.67133331298828
2020-03-17,61.097530364990234,90.39199829101562,55.44474792480469,139.22784423828125,28.68000030517578
2020-03-18,59.60186004638672,91.5,54.11226272583008,133.3668670654297,24.08133316040039
2020-03-19,59.14519119262695,94.04650115966797,55.127864837646484,135.56121826171875,28.50933265686035
2020-03-20,55.390323638916016,92.30449676513672,52.97268295288086,130.4696807861328,28.50200080871582
2020-03-23,54.21359634399414,95.1415023803711,52.274452209472656,129.16830444335938,28.952667236328125
2020-03-24,59.65260696411133,97.00499725341797,56.037349700927734,140.90916442871094,33.66666793823242
2020-03-25,59.32400131225586,94.29199981689453,54.62948226928711,139.56028747558594,35.95000076293945
2020-03-26,62.445796966552734,97.77449798583984,57.66936111450195,148.28990173339844,35.21066665649414
2020-03-27,59.86040496826172,95.00499725341797,55.057945251464844,142.2010040283203,34.29066848754883
2020-03-30,61.568695068359375,98.19750213623047,56.845672607421875,152.20355224609375,33.47533416748047
2020-03-31,61.44306182861328,97.48600006103516,57.621253967285156,149.80975341796875,34.93333435058594
2020-04-01,58.21010208129883,95.38500213623047,54.65329360961914,144.49029541015625,32.104000091552734
2020-04-02,59.18143081665039,95.94149780273438,55.3936767578125,147.48248291015625,30.29800033569336
2020-04-03,58.330909729003906,95.32949829101562,54.18714141845703,146.12411499023438,32.000667572021484
2020-04-06,63.41956329345703,99.87950134277344,58.67455291748047,156.99107360839844,34.41600036621094
2020-04-07,62.684993743896484,100.58000183105469,58.643314361572266,155.3002471923828,36.36333465576172
2020-04-08,64.28938293457031,102.1500015258789,59.855289459228516,156.8581085205078,36.589332580566406
2020-04-09,64.75334930419922,102.13800048828125,59.83397674560547,156.8675537109375,38.20000076293945
2020-04-13,66.02428436279297,108.44349670410156,60.02439880371094,157.21902465820312,43.39666748046875
2020-04-14,69.35869598388672,114.16600036621094,62.7429313659668,164.998779296875,47.32600021362305
2020-04-15,68.72563934326172,115.38400268554688,62.34968185424805,163.26995849609375,48.65533447265625
2020-04-16,69.271728515625,120.40950012207031,62.35612487792969,168.1714324951172,49.680667877197266
2020-04-17,68.33179473876953,118.75,63.425785064697266,169.65335083007812,50.259334564208984
2020-04-20,66.91346740722656,119.68049621582031,62.54060745239258,166.2906494140625,49.75733184814453
2020-04-21,64.84514617919922,116.40599822998047,60.111183166503906,159.41334533691406,45.781333923339844
2020-04-22,66.71292877197266,118.17449951171875,62.40473175048828,164.82778930664062,48.807334899902344
2020-04-23,66.45437622070312,119.97250366210938,63.037498474121094,162.83302307128906,47.04199981689453
2020-04-24,68.37288665771484,120.51100158691406,63.306766510009766,165.80621337890625,48.34333419799805
2020-04-27,68.42121887207031,118.80000305175781,63.02212142944336,165.33123779296875,53.25
2020-04-28,67.31214904785156,115.7040023803711,61.12430953979492,161.30361938476562,51.27466583251953
2020-04-29,69.52301025390625,118.635498046875,66.55889129638672,168.54193115234375,53.367332458496094
2020-04-30,70.98969268798828,123.69999694824219,66.78304290771484,170.23280334472656,52.12533187866211
2020-05-01,69.8468017578125,114.302001953125,65.32608032226562,165.82521057128906,46.75466537475586
2020-05-04,70.83504486083984,115.79949951171875,65.60279083251953,169.8813018798828,50.74599838256836
2020-05-05,71.89822387695312,115.88999938964844,66.89808654785156,171.7051239013672,51.2140007019043
2020-05-06,72.63999938964844,117.56300354003906,66.72005462646484,173.3959503173828,52.172000885009766
2020-05-07,73.3914566040039,118.38050079345703,67.90277862548828,174.40289306640625,52.00266647338867
2020-05-08,75.13829803466797,118.98049926757812,68.64962005615234,175.42874145507812,54.62799835205078
2020-05-11,76.32062530517578,120.44999694824219,69.60420227050781,177.38555908203125,54.08599853515625
2020-05-12,75.44840240478516,117.84750366210938,68.19535827636719,173.36741638183594,53.96066665649414
2020-05-13,74.53744506835938,118.39600372314453,66.8638687133789,170.74571228027344,52.73066711425781
2020-05-14,74.99534606933594,119.44249725341797,67.28687286376953,171.48660278320312,53.55533218383789
2020-05-15,74.5519790649414,120.48899841308594,68.09022521972656,173.98487854003906,53.27799987792969
2020-05-18,76.30850982666016,121.31300354003906,68.69126892089844,175.64724731445312,54.242000579833984
2020-05-19,75.8675537109375,122.46649932861328,68.15668487548828,174.4313201904297,53.867332458496094
2020-05-20,77.34304809570312,124.89700317382812,69.88043975830078,176.85086059570312,54.37066650390625
2020-05-21,76.76643371582031,122.33699798583984,69.76094055175781,174.72662353515625,55.17333221435547
2020-05-22,77.26068115234375,121.84400177001953,70.08277893066406,174.80284118652344,54.45866775512695
2020-05-26,76.73734283447266,121.09300231933594,70.4859390258789,172.9549102783203,54.591331481933594
2020-05-27,77.0716781616211,120.51950073242188,70.431884765625,173.18348693847656,54.68199920654297
2020-05-28,77.10559844970703,120.05500030517578,70.33071899414062,172.79295349121094,53.72066879272461
2020-05-29,77.030517578125,122.11849975585938,71.08847045898438,174.55516052246094,55.66666793823242
2020-06-01,77.97781372070312,123.552001953125,71.1553955078125,174.15509033203125,59.87333297729492
2020-06-02,78.33881378173828,123.62049865722656,71.52436065673828,176.13641357421875,58.770668029785156
2020-06-03,78.77008819580078,123.91999816894531,71.37261199951172,176.56507873535156,58.86399841308594
2020-06-04,78.09169006347656,123.02999877929688,70.13533020019531,174.24082946777344,57.62533187866211
2020-06-05,80.31580352783203,124.1500015258789,71.41080474853516,178.31777954101562,59.04399871826172
2020-06-08,80.79068756103516,126.2030029296875,71.80850982666016,179.42271423339844,63.327999114990234
2020-06-09,83.34190368652344,130.04299926757812,72.00883483886719,180.79437255859375,62.711334228515625
2020-06-10,85.4860610961914,132.37249755859375,72.63468170166016,187.50039672851562,68.336669921875
2020-06-11,81.38184356689453,127.89800262451172,69.5204086303711,177.431884765625,64.85600280761719
2020-06-12,82.08445739746094,127.2509994506836,70.06690216064453,178.83218383789062,62.35200119018555
2020-06-15,83.09960174560547,128.63400268554688,70.45470428466797,179.97523498535156,66.05999755859375
2020-06-16,85.30193328857422,130.7635040283203,71.73065185546875,184.385498046875,65.47533416748047
2020-06-17,85.1832275390625,132.0489959716797,72.03165435791016,185.02374267578125,66.11933135986328
2020-06-18,85.2171401977539,132.69900512695312,71.11820983886719,187.00503540039062,66.9306640625
2020-06-19,84.73015594482422,133.75050354003906,70.64808654785156,185.8905487060547,66.72666931152344
2020-06-22,86.9470443725586,135.6909942626953,71.93843078613281,191.05340576171875,66.28800201416016
2020-06-23,88.80288696289062,138.2205047607422,72.59896087646484,192.329833984375,66.78533172607422
2020-06-24,87.2353286743164,136.72000122070312,71.04778289794922,188.4529266357422,64.0566635131836
2020-06-25,88.39341735839844,137.72900390625,71.46434783935547,190.83432006835938,65.73200225830078
2020-06-26,85.67747497558594,134.64349365234375,67.56854248046875,187.01455688476562,63.982666015625
2020-06-29,87.65205383300781,134.0189971923828,69.28585052490234,189.02444458007812,67.29000091552734
2020-06-30,88.38372802734375,137.9409942626953,70.32129669189453,193.85391235351562,71.98733520507812
2020-07-01,88.21656799316406,143.93499755859375,71.50897216796875,194.98741149902344,74.64199829101562
2020-07-02,88.21656799316406,144.51499938964844,72.89403533935547,196.47337341308594,80.57733154296875
2020-07-06,90.57637786865234,152.8520050048828,74.36785888671875,200.70274353027344,91.43866729736328
2020-07-07,90.29534149169922,150.00599670410156,73.88533782958984,198.36898803710938,92.65733337402344
2020-07-08,92.39832305908203,154.0554962158203,74.56375122070312,202.731689453125,91.05867004394531
2020-07-09,92.79566955566406,159.13150024414062,75.31055450439453,204.15097045898438,92.9520034790039
2020-07-10,92.9580078125,160.0,76.31971740722656,203.53179931640625,102.97666931152344
2020-07-13,92.52914428710938,155.1999969482422,74.99169921875,197.24501037597656,99.80400085449219
2020-07-14,94.06037902832031,154.1999969482422,75.41966247558594,198.46424865722656,101.12000274658203
2020-07-15,94.7072525024414,150.44349670410156,75.22229766845703,198.16891479492188,103.06732940673828
2020-07-16,93.5418701171875,149.9949951171875,75.12509155273438,194.24447631835938,100.04266357421875
2020-07-17,93.35289001464844,148.09849548339844,75.2208023071289,193.2537841796875,100.05599975585938
2020-07-20,95.3202133178711,159.8419952392578,77.55104064941406,201.56002807617188,109.53333282470703
2020-07-21,94.004638671875,156.9145050048828,77.15827941894531,198.84530639648438,104.55733489990234
2020-07-22,94.26873016357422,154.99549865722656,77.60112762451172,201.70294189453125,106.15533447265625
2020-07-23,89.97795104980469,149.32749938964844,75.21583557128906,192.9298858642578,100.87133026123047
2020-07-24,89.75505828857422,150.44549560546875,74.7923355102539,191.748779296875,94.46666717529297
2020-07-27,91.88227081298828,152.760498046875,75.84464263916016,194.177734375,102.63999938964844
2020-07-28,90.37286376953125,150.01649475097656,74.56620025634766,192.4345703125,98.43267059326172
2020-07-29,92.10514831542969,151.67649841308594,75.55107879638672,194.3778076171875,99.94066619873047
2020-07-30,93.21965026855469,152.593994140625,76.2879867553711,194.22537231445312,99.16600036621094
2020-07-31,102.97869110107422,158.23399353027344,73.78764343261719,195.28269958496094,95.38400268554688
2020-08-03,105.57350158691406,155.59449768066406,73.53026580810547,206.26565551757812,99.0
2020-08-04,106.27852630615234,156.94149780273438,73.06114196777344,203.16983032226562,99.13333129882812
2020-08-05,106.66376495361328,160.25149536132812,73.34828186035156,202.8364715576172,99.00133514404297
2020-08-06,110.38519287109375,161.25,74.63066864013672,206.08465576171875,99.30533599853516
2020-08-07,107.87550354003906,158.3730010986328,74.30438232421875,202.39828491210938,96.84733581542969
2020-08-10,109.44345092773438,157.4080047607422,74.2275161743164,198.36898803710938,94.57133483886719
2020-08-11,106.18861389160156,154.0334930419922,73.42018127441406,193.7300567626953,91.6259994506836
2020-08-12,109.71772003173828,158.11199951171875,74.74423217773438,199.26441955566406,103.65066528320312
2020-08-13,111.6594467163086,158.05099487304688,75.21088409423828,198.7976531982422,108.06666564941406
2020-08-14,111.55992889404297,157.4010009765625,74.61480712890625,198.9881591796875,110.04733276367188
2020-08-17,111.2686767578125,159.12049865722656,75.19054412841797,200.30264282226562,122.3759994506836
2020-08-18,112.19586181640625,165.62449645996094,77.15133666992188,201.45526123046875,125.80599975585938
2020-08-19,112.33660888671875,163.0240020751953,76.59741973876953,200.2330780029297,125.23533630371094
2020-08-20,114.829345703125,164.86849975585938,78.16645812988281,204.8927459716797,133.45533752441406
2020-08-21,120.74677276611328,164.23599243164062,78.13273620605469,203.40313720703125,136.6653289794922
2020-08-24,122.19091796875,165.3730010986328,78.60780334472656,204.04293823242188,134.27999877929688
2020-08-25,121.18850708007812,167.32449340820312,79.63433837890625,206.69744873046875,134.8893280029297
2020-08-26,122.83655548095703,172.09249877929688,81.53263854980469,211.1661376953125,143.54466247558594
2020-08-27,121.36813354492188,170.0,80.75853729248047,216.35101318359375,149.25
2020-08-28,121.17151641845703,170.08999633789062,81.299560546875,218.5758056640625,147.55999755859375
2020-08-31,125.28069305419922,172.54800415039062,80.80862426757812,215.348388671875,166.10667419433594
2020-09-01,130.27096557617188,174.95599365234375,82.07564544677734,217.00982666015625,158.35000610351562
2020-09-02,127.57194519042969,176.57249450683594,85.16561126708984,221.19207763671875,149.1233367919922
2020-09-03,117.35841369628906,168.39999389648438,80.80762481689453,207.48992919921875,135.6666717529297
2020-09-04,117.43610382080078,164.7310028076172,78.41242980957031,204.57762145996094,139.44000244140625
2020-09-08,109.53323364257812,157.49200439453125,75.55553436279297,193.51089477539062,110.06999969482422
2020-09-09,113.90215301513672,163.4304962158203,76.72736358642578,201.75128173828125,122.09333038330078
2020-09-10,110.18370819091797,158.7554931640625,75.67703247070312,196.0985107421875,123.77999877929688
2020-09-11,108.73713684082031,155.81100463867188,75.16676330566406,194.8190155029297,124.23999786376953
2020-09-14,111.99925231933594,155.14849853515625,74.82308959960938,196.13668823242188,139.8733367919922
2020-09-15,112.17401885986328,157.80650329589844,76.12680053710938,199.3546142578125,149.9199981689453
2020-09-16,108.86334228515625,153.90499877929688,74.98474884033203,195.79295349121094,147.25332641601562
2020-09-17,107.1255111694336,150.43649291992188,73.74251556396484,193.7495574951172,141.14332580566406
2020-09-18,103.72746276855469,147.74549865722656,71.95976257324219,191.34335327148438,147.38333129882812
2020-09-21,106.8730697631836,148.02349853515625,70.92083740234375,193.39627075195312,149.79666137695312
2020-09-22,108.55267333984375,156.44949340820312,72.39266204833984,198.0559844970703,141.41000366210938
2020-09-23,103.99929809570312,149.9929962158203,69.89183807373047,191.53431701660156,126.78666687011719
2020-09-24,105.0672607421875,150.989501953125,70.55982971191406,194.0169219970703,129.26333618164062
2020-09-25,109.00897979736328,154.75650024414062,71.3631820678711,198.4379425048828,135.77999877929688
2020-09-28,111.61090850830078,158.70249938964844,72.33515167236328,199.9847869873047,140.39999389648438
2020-09-29,110.76624298095703,157.24400329589844,72.70014190673828,197.90318298339844,139.69000244140625
2020-09-30,112.4361343383789,157.43649291992188,72.6792984008789,200.8345947265625,143.00332641601562
2020-10-01,113.38758087158203,161.06300354003906,73.78517150878906,202.86843872070312,149.3866729736328
2020-10-02,109.72740173339844,156.25,72.18341064453125,196.88150024414062,138.3633270263672
2020-10-05,113.10604858398438,159.9600067138672,73.53374481201172,200.88238525390625,141.89332580566406
2020-10-06,109.86332702636719,154.9980010986328,71.9562759399414,196.61416625976562,137.9933319091797
2020-10-07,111.72740936279297,159.7845001220703,72.35895538330078,200.35719299316406,141.76666259765625
2020-10-08,111.6206283569336,159.52749633789062,73.56349182128906,201.0733184814453,141.97332763671875
2020-10-09,113.56234741210938,164.33250427246094,74.90342712402344,206.06724548339844,144.6666717529297
2020-10-12,120.77591705322266,172.14649963378906,77.58824157714844,211.4048309326172,147.43333435058594
2020-10-13,117.57202911376953,172.18150329589844,77.71121215820312,212.79893493652344,148.88333129882812
2020-10-14,117.65941619873047,168.1855010986328,77.53121185302734,210.8892364501953,153.76666259765625
2020-10-15,117.19339752197266,166.9324951171875,77.13597106933594,209.74342346191406,149.6266632080078
2020-10-16,115.55261993408203,163.635498046875,77.74246215820312,209.74342346191406,146.55667114257812
2020-10-19,112.6011734008789,160.36050415039062,75.87042236328125,204.5489959716797,143.61000061035156
2020-10-20,114.08662414550781,160.85049438476562,76.91827392578125,204.95960998535156,140.64666748046875
2020-10-21,113.46527862548828,159.2469940185547,78.64946746826172,205.102783203125,140.8800048828125
2020-10-22,112.37787628173828,158.82000732421875,79.67449951171875,205.18873596191406,141.92999267578125
2020-10-23,111.68856048583984,160.22000122070312,80.97970581054688,206.46827697753906,140.2100067138672
2020-10-26,111.69828033447266,160.3520050048828,78.56517028808594,200.59588623046875,140.0933380126953
2020-10-27,113.203125,164.31649780273438,79.28868103027344,203.62277221679688,141.55999755859375
2020-10-28,107.9604263305664,158.13900756835938,74.92079162597656,193.5299835205078,135.33999633789062
2020-10-29,111.96041870117188,160.55050659179688,77.20588684082031,195.47787475585938,136.94332885742188
2020-10-30,105.6886215209961,151.8074951171875,80.14311218261719,193.3294219970703,129.34666442871094
2020-11-02,105.60122680664062,150.2239990234375,80.55025482177734,193.1957550048828,133.50332641601562
2020-11-03,107.22260284423828,152.42050170898438,81.60850524902344,197.1106414794922,141.3000030517578
2020-11-04,111.60115814208984,162.05799865722656,86.57695007324219,206.62100219726562,140.32666015625
2020-11-05,115.56234741210938,166.10000610351562,87.40261840820312,213.2095184326172,146.02999877929688
2020-11-06,115.43103790283203,165.56849670410156,87.26525115966797,213.62010192871094,143.31666564941406
2020-11-09,113.12611389160156,157.18699645996094,87.34906768798828,208.53074645996094,140.4199981689453
2020-11-10,112.78572082519531,151.75100708007812,86.17377471923828,201.48391723632812,136.7866668701172
2020-11-11,116.20907592773438,156.8695068359375,86.64537048339844,206.77383422851562,139.0433349609375
2020-11-12,115.936767578125,155.51400756835938,86.42668914794922,205.7139129638672,137.25332641601562
2020-11-13,115.98540496826172,156.4405059814453,87.88661193847656,206.73562622070312,136.1666717529297
2020-11-16,116.99684143066406,156.55299377441406,87.97440338134766,207.42311096191406,136.02999877929688
2020-11-17,116.11181640625,156.7830047607422,87.36096954345703,204.7781219482422,147.20333862304688
2020-11-18,114.78916931152344,155.2729949951172,86.31858825683594,202.07843017578125,162.2133331298828
2020-11-19,115.38240814208984,155.8509979248047,87.20772552490234,203.36126708984375,166.42333984375
2020-11-20,114.11811065673828,154.97000122070312,86.10730743408203,201.41783142089844,163.20333862304688
2020-11-23,110.72393798828125,154.91949462890625,85.66993713378906,201.1497802734375,173.9499969482422
2020-11-24,112.00769805908203,155.9029998779297,87.47203063964844,204.73985290527344,185.1266632080078
2020-11-25,112.84407043457031,159.2534942626953,87.48342895507812,204.74945068359375,191.3333282470703
2020-11-27,113.38871002197266,159.76699829101562,88.61856842041016,206.0514373779297,195.25332641601562
2020-11-30,115.7811508178711,158.40199279785156,87.00093841552734,204.94090270996094,189.1999969482422
2020-12-01,119.35038757324219,161.00399780273438,89.03215789794922,206.98963928222656,194.9199981689453
2020-12-02,119.70050811767578,160.17649841308594,90.50052642822266,206.18544006347656,189.60667419433594
2020-12-03,119.56434631347656,159.3365020751953,90.34529876708984,205.1036376953125,197.7933349609375
2020-12-04,118.89327239990234,158.12899780273438,90.44052124023438,205.218505859375,199.67999267578125
2020-12-07,120.35210418701172,157.89999389648438,90.10677337646484,205.15151977539062,213.9199981689453
2020-12-08,120.96480560302734,158.864501953125,89.82408905029297,206.79812622070312,216.6266632080078
2020-12-09,118.43620300292969,155.2100067138672,88.16431427001953,202.76771545410156,201.4933319091797
2020-12-10,119.85613250732422,155.07449340820312,87.65800476074219,201.54232788085938,209.02333068847656
2020-12-11,119.04891204833984,155.8209991455078,88.01256561279297,204.1654510498047,203.3300018310547
2020-12-14,118.43620300292969,157.84849548339844,86.89481353759766,205.0653533935547,213.27667236328125
2020-12-15,124.36870574951172,158.25599670410156,87.33219146728516,204.9983673095703,211.0833282470703
2020-12-16,124.30062866210938,162.04800415039062,87.1392822265625,209.9287567138672,207.58999633789062
2020-12-17,125.16618347167969,161.8040008544922,86.31212615966797,210.06275939941406,218.63333129882812
2020-12-18,123.18220520019531,160.08250427246094,85.60348510742188,209.26812744140625,231.6666717529297
2020-12-21,124.70909118652344,160.3090057373047,86.0170669555664,213.0975799560547,216.6199951171875
2020-12-22,128.25885009765625,160.3260040283203,85.30596160888672,214.38998413085938,213.44667053222656
2020-12-23,127.36414337158203,159.2635040283203,85.70316314697266,211.5945281982422,215.32666015625
2020-12-24,128.34640502929688,158.63450622558594,85.99723052978516,213.25071716308594,220.58999633789062
2020-12-28,132.9368133544922,164.197998046875,87.97091674804688,215.36651611328125,221.22999572753906
2020-12-29,131.16677856445312,166.10000610351562,87.16757202148438,214.59103393554688,221.99667358398438
2020-12-30,130.0483856201172,164.29249572753906,86.10087585449219,212.2263946533203,231.5933380126953
2020-12-31,129.04664611816406,162.84649658203125,86.91366577148438,212.934814453125,235.22332763671875
2021-01-04,125.8567123413086,159.3314971923828,85.59901428222656,208.40652465820312,243.2566680908203
2021-01-05,127.41276550292969,160.92550659179688,86.28932189941406,208.60755920410156,245.0366668701172
2021-01-06,123.12386322021484,156.91900634765625,85.43785095214844,203.19851684570312,251.9933319091797
2021-01-07,127.32524108886719,158.10800170898438,87.9897689819336,208.98092651367188,272.0133361816406
2021-01-08,128.42420959472656,159.13499450683594,89.15463256835938,210.25421142578125,293.3399963378906
2021-01-11,125.4384994506836,155.7104949951172,87.09465789794922,208.215087890625,270.39666748046875
2021-01-12,125.2634506225586,156.04150390625,86.15939331054688,205.76422119140625,283.14666748046875
2021-01-13,127.29605865478516,158.29449462890625,86.6463623046875,207.1141357421875,284.8033447265625
2021-01-14,125.37042999267578,156.37350463867188,85.83655548095703,203.9356689453125,281.6666564941406
2021-01-15,123.64904022216797,155.21249389648438,85.67292022705078,203.58143615722656,275.38665771484375
2021-01-19,124.32007598876953,156.03799438476562,88.49211883544922,207.2098388671875,281.51666259765625
2021-01-20,128.40476989746094,163.16900634765625,93.23292541503906,214.77297973632812,283.48333740234375
2021-01-21,133.11187744140625,165.34950256347656,93.43524932861328,215.37608337402344,281.663330078125
2021-01-22,135.25148010253906,164.6114959716797,93.8523178100586,216.3142852783203,282.21331787109375
2021-01-25,138.99574279785156,164.6999969482422,93.93760681152344,219.7415771484375,293.6000061035156
2021-01-26,139.22914123535156,166.30650329589844,94.6155014038086,222.4221954345703,294.36334228515625
2021-01-27,138.15936279296875,161.62899780273438,90.20149230957031,222.9678955078125,288.0533447265625
2021-01-28,133.3258514404297,161.88099670410156,91.90045166015625,228.74073791503906,278.4766540527344
2021-01-29,128.33668518066406,160.30999755859375,90.6190414428711,222.06800842285156,264.510009765625
2021-02-01,130.45680236816406,167.1439971923828,93.87760925292969,229.4300537109375,279.9366760253906
2021-02-02,131.28347778320312,169.0,95.16942596435547,229.29600524902344,290.92999267578125
2021-02-03,130.2623291015625,165.62649536132812,102.10014343261719,232.63717651367188,284.89666748046875
2021-02-04,133.61761474609375,166.5500030517578,101.83979034423828,231.68939208984375,283.3299865722656
2021-02-05,133.20364379882812,167.6074981689453,103.58535766601562,231.87130737304688,284.07666015625
2021-02-08,133.34974670410156,166.14700317382812,103.37162780761719,232.12977600097656,287.8066711425781
2021-02-09,132.47312927246094,165.25,102.91887664794922,233.37432861328125,283.1533203125
2021-02-10,131.86929321289062,164.32899475097656,103.46883392333984,232.46482849121094,268.2733459472656
2021-02-11,131.6160430908203,163.10650634765625,103.5813980102539,234.0636444091797,270.5533447265625
2021-02-12,131.8497772216797,163.885498046875,103.89283752441406,234.5423126220703,272.0400085449219
2021-02-16,129.7264862060547,163.44749450683594,104.66990661621094,233.30735778808594,265.40667724609375
2021-02-17,127.43756866455078,165.4320068359375,105.06266784667969,234.32444763183594,266.04998779296875
2021-02-18,126.33698272705078,166.4114990234375,104.42741394042969,233.93101501464844,262.4599914550781
2021-02-19,126.49281311035156,162.4949951171875,103.58438873291016,231.22506713867188,260.4333190917969
2021-02-22,122.72343444824219,159.03700256347656,101.87104797363281,225.0263214111328,238.1666717529297
2021-02-23,122.58707427978516,159.72500610351562,102.16162872314453,223.83645629882812,232.94667053222656
2021-02-24,122.09034729003906,157.97650146484375,103.33642578125,225.06475830078125,247.33999633789062
2021-02-25,117.84371948242188,152.85800170898438,99.97123718261719,219.72958374023438,227.4066619873047
2021-02-26,118.10669708251953,154.64649963378906,100.26679229736328,222.9824676513672,225.1666717529297
2021-03-01,124.46691131591797,157.3070068359375,102.63473510742188,227.3580322265625,239.47666931152344
2021-03-02,121.86634063720703,154.72650146484375,102.37785339355469,224.41221618652344,228.81333923339844
2021-03-03,118.8858871459961,150.25,99.74610900878906,218.3573760986328,217.73333740234375
2021-03-04,117.0060806274414,148.8784942626953,100.86286163330078,217.56092834472656,207.14666748046875
2021-03-05,118.26254272460938,150.0229949951172,103.99398803710938,222.23402404785156,199.31666564941406
2021-03-08,113.33412170410156,147.59750366210938,99.55218505859375,218.19422912597656,187.6666717529297
2021-03-09,117.94111633300781,153.1425018310547,101.18173217773438,224.32582092285156,224.52667236328125
2021-03-10,116.86000061035156,152.8820037841797,100.97493743896484,223.02084350585938,222.68666076660156
2021-03-11,118.78849029541016,155.67950439453125,104.16606903076172,227.5403594970703,233.1999969482422
2021-03-12,117.88269805908203,154.47450256347656,101.65977478027344,226.21617126464844,231.2433319091797
2021-03-15,120.76571655273438,154.08399963378906,101.87996673583984,225.31419372558594,235.97999572753906
2021-03-16,122.30462646484375,154.59300231933594,103.34040069580078,228.096923828125,225.6266632080078
2021-03-17,121.51569366455078,156.7864990234375,103.257568359375,227.4540252685547,233.93666076660156
2021-03-18,117.39567565917969,151.39950561523438,100.23853302001953,221.38958740234375,217.72000122070312
2021-03-19,116.86972045898438,153.7480010986328,100.51722717285156,221.0345458984375,218.2899932861328
2021-03-22,120.18131256103516,155.5435028076172,100.70219421386719,226.44647216796875,223.3333282470703
2021-03-23,119.35340118408203,156.875,101.2298355102539,227.97216796875,220.72000122070312
2021-03-24,116.96712493896484,154.35350036621094,100.79344940185547,225.93789672851562,210.08999633789062
2021-03-25,117.45410919189453,152.31300354003906,100.78997039794922,222.94410705566406,213.4633331298828
2021-03-26,118.05799865722656,152.60150146484375,100.40665435791016,226.91665649414062,206.23666381835938
2021-03-29,118.23330688476562,153.7864990234375,101.45100402832031,225.72683715820312,203.76333618164062
2021-03-30,116.78206634521484,152.76449584960938,101.4847412109375,222.47389221191406,211.8733367919922
2021-03-31,118.97356414794922,154.70399475097656,102.28064727783203,226.23533630371094,222.64332580566406
2021-04-01,119.80146026611328,158.0500030517578,105.61608123779297,232.54925537109375,220.5833282470703
2021-04-05,122.62604522705078,161.3365020751953,110.03852844238281,238.9975128173828,230.35000610351562
2021-04-06,122.92796325683594,161.1909942626953,109.55751037597656,237.83645629882812,230.5399932861328
2021-04-07,124.57405090332031,163.96949768066406,111.03380584716797,239.79388427734375,223.6566619873047
2021-04-08,126.97006225585938,164.96499633789062,111.59912872314453,243.0084991455078,227.93333435058594
2021-04-09,129.5414276123047,168.61000061035156,112.60283660888672,245.50332641601562,225.67333984375
2021-04-12,127.82718658447266,168.96949768066406,111.31101989746094,245.56088256835938,233.9933319091797
2021-04-13,130.93418884277344,170.0,111.79750061035156,248.0365447998047,254.10667419433594
2021-04-14,128.5966339111328,166.64999389648438,111.17662811279297,245.25381469726562,244.07666015625
2021-04-15,131.0023956298828,168.95449829101562,113.32585906982422,249.00570678710938,246.28334045410156
2021-04-16,130.6712646484375,169.9720001220703,113.2018814086914,250.19549560546875,246.5933380126953
2021-04-19,131.3335418701172,168.60049438476562,113.54952239990234,248.2764434814453,238.2100067138672
2021-04-20,129.6485595703125,166.7344970703125,113.01641082763672,247.81585693359375,239.663330078125
2021-04-21,130.02838134765625,168.1009979248047,112.98368835449219,250.04202270507812,248.0399932861328
2021-04-22,128.5089874267578,165.45199584960938,111.70277404785156,246.7699737548828,239.89666748046875
2021-04-23,130.82708740234375,167.04400634765625,114.0538330078125,250.5889892578125,243.13333129882812
2021-04-26,131.21669006347656,170.4499969482422,114.54975128173828,250.97279357910156,246.06666564941406
2021-04-27,130.89523315429688,170.8715057373047,113.6100082397461,251.3758087158203,234.913330078125
2021-04-28,130.1063232421875,172.9250030517578,116.98512268066406,244.26548767089844,231.46665954589844
2021-04-29,130.00892639160156,173.5655059814453,118.65730285644531,242.29844665527344,225.6666717529297
2021-04-30,128.04144287109375,173.37100219726562,116.71039581298828,241.98171997070312,236.47999572753906
2021-05-03,129.0933380126953,169.32449340820312,116.19365692138672,241.67471313476562,228.3000030517578
2021-05-04,124.52532958984375,165.593505859375,114.39602661132812,237.769287109375,224.53334045410156
2021-05-05,124.76882934570312,163.52699279785156,114.78977966308594,236.50262451171875,223.64666748046875
2021-05-06,126.3662109375,165.31849670410156,115.90951538085938,239.63082885742188,221.17999267578125
2021-05-07,127.03939056396484,164.58050537109375,116.63252258300781,242.25045776367188,224.1233367919922
2021-05-10,123.76119995117188,159.52450561523438,113.64820861816406,237.18394470214844,209.67999267578125
2021-05-11,122.84408569335938,161.19549560546875,112.57258605957031,236.27230834960938,205.73333740234375
2021-05-12,119.78055572509766,157.5970001220703,109.11070251464844,229.334716796875,196.6300048828125
2021-05-13,121.9269790649414,158.07350158691406,110.53839874267578,233.2017822265625,190.56333923339844
2021-05-14,124.34658813476562,161.14500427246094,112.98517608642578,238.1147003173828,196.5800018310547
2021-05-17,123.19532012939453,163.51950073242188,113.50785827636719,235.26483154296875,192.27667236328125
2021-05-18,121.80988311767578,161.61399841308594,112.19619750976562,233.24974060058594,192.6233367919922
2021-05-19,121.65380859375,161.58999633789062,112.64399719238281,233.82681274414062,187.82000732421875
2021-05-20,124.20999908447266,162.38400268554688,114.4019775390625,237.0583953857422,195.5933380126953
2021-05-21,122.37577819824219,160.1540069580078,113.76622009277344,235.79844665527344,193.6266632080078
2021-05-24,124.00511932373047,162.24949645996094,117.08429718017578,241.1940460205078,202.14666748046875
2021-05-25,123.80998992919922,162.95249938964844,117.17505645751953,242.0980682373047,201.56333923339844
2021-05-26,123.76119995117188,163.25799560546875,118.03990936279297,241.8768768310547,206.3766632080078
2021-05-27,122.22942352294922,161.5054931640625,117.16563415527344,239.78016662597656,210.28334045410156
2021-05-28,121.57575225830078,161.15350341796875,116.87651062011719,240.13604736328125,208.4066619873047
2021-06-01,121.2537841796875,160.9324951171875,118.08304595947266,237.94317626953125,207.96665954589844
2021-06-02,122.01480102539062,161.69949340820312,117.55787658691406,237.8470458984375,201.7066650390625
2021-06-03,120.53179931640625,159.35049438476562,116.41680908203125,236.3178253173828,190.94667053222656
2021-06-04,122.8245849609375,160.31100463867188,118.69747161865234,241.20362854003906,199.68333435058594
2021-06-07,122.83433532714844,159.90049743652344,119.13038635253906,244.10816955566406,201.7100067138672
2021-06-08,123.65386199951172,163.20550537109375,118.93895721435547,242.9156036376953,201.19667053222656
2021-06-09,124.03435516357422,164.0574951171875,119.41007995605469,243.8966064453125,199.5933380126953
2021-06-10,123.03923797607422,167.4824981689453,120.75843048095703,247.40704345703125,203.3733367919922
2021-06-11,124.24903869628906,167.3415069580078,120.51395416259766,248.03225708007812,203.29666137695312
2021-06-14,127.30279541015625,169.19349670410156,121.4417953491211,249.955810546875,205.89666748046875
2021-06-15,126.48324584960938,169.156494140625,120.42420959472656,248.48426818847656,199.7866668701172
2021-06-16,126.98084259033203,170.7624969482422,119.78250122070312,247.54180908203125,201.6233367919922
2021-06-17,128.58090209960938,174.46200561523438,120.74554443359375,250.9271697998047,205.53334045410156
2021-06-18,127.2833023071289,174.34500122070312,119.12641906738281,249.5133514404297,207.77000427246094
2021-06-21,129.07852172851562,172.697998046875,120.81398010253906,252.59104919433594,206.94332885742188
2021-06-22,130.71755981445312,175.27200317382812,121.32772064208984,255.3609161376953,207.90333557128906
2021-06-23,130.44444274902344,175.1909942626953,121.12589263916016,255.13014221191406,218.85667419433594
2021-06-24,130.16146850585938,172.45399475097656,121.49584197998047,256.49578857421875,226.60667419433594
2021-06-25,129.8687744140625,170.072998046875,121.5042724609375,254.8896942138672,223.9566650390625
2021-06-28,131.4980926513672,172.1945037841797,121.53154754638672,258.4482727050781,229.57333374023438
2021-06-29,133.01040649414062,172.40699768066406,121.27020263671875,261.0257873535156,226.9199981689453
2021-06-30,133.62501525878906,172.00799560546875,121.08869171142578,260.5448913574219,226.56666564941406
2021-07-01,133.92747497558594,171.64849853515625,121.44080352783203,261.2182312011719,225.97332763671875
2021-07-02,136.552001953125,175.5489959716797,124.23074340820312,267.0368347167969,226.3000030517578
2021-07-06,138.56178283691406,183.78700256347656,125.15560150146484,267.0466003417969,219.86000061035156
2021-07-07,141.04969787597656,184.82899475097656,125.43726348876953,269.229736328125,214.88333129882812
2021-07-08,139.75210571289062,186.57049560546875,124.01898193359375,266.8157653808594,217.60333251953125
2021-07-09,141.57656860351562,185.9669952392578,124.48959350585938,267.31585693359375,218.98333740234375
2021-07-12,140.98141479492188,185.92750549316406,125.93464660644531,266.7194519042969,228.56666564941406
2021-07-13,142.0936737060547,183.8679962158203,126.29765319824219,270.2396545410156,222.84666442871094
2021-07-14,145.51817321777344,184.08399963378906,127.1858139038086,271.711181640625,217.7933349609375
2021-07-15,144.8645477294922,181.55999755859375,125.96390533447266,270.2876892089844,216.86666870117188
2021-07-16,142.82542419433594,178.68150329589844,125.92919921875,270.0184020996094,214.74000549316406
2021-07-19,138.9813232421875,177.47950744628906,123.55680847167969,266.4213562011719,215.4066619873047
2021-07-20,142.59124755859375,178.6595001220703,125.1749496459961,268.6430969238281,220.1666717529297
2021-07-21,141.85948181152344,179.25999450683594,126.50345611572266,270.6435546875,218.42999267578125
2021-07-22,143.22544860839844,181.90150451660156,127.36878967285156,275.20245361328125,216.4199981689453
2021-07-23,144.9425506591797,182.83200073242188,131.9246368408203,278.5975036621094,214.4600067138672
2021-07-26,145.36209106445312,184.99099731445312,132.936279296875,278.00115966796875,219.2066650390625
2021-07-27,143.1961669921875,181.3195037841797,130.8187713623047,275.58709716796875,214.92666625976562
2021-07-28,141.4497528076172,181.51600646972656,134.9783935546875,275.2793884277344,215.66000366210938
2021-07-29,142.0936737060547,179.99600219726562,134.6645050048828,275.5486755371094,225.78334045410156
2021-07-30,142.30831909179688,166.37950134277344,133.6221160888672,274.0194396972656,229.06666564941406
2021-08-02,141.9765625,166.57400512695312,133.7490692138672,273.9328308105469,236.55667114257812
2021-08-03,143.77175903320312,168.31199645996094,134.51820373535156,276.1449890136719,236.5800018310547
2021-08-04,143.37173461914062,167.73599243164062,134.01785278320312,275.5582275390625,236.97332763671875
2021-08-05,143.4790496826172,168.79949951171875,135.13462829589844,278.453125,238.2100067138672
2021-08-06,142.79513549804688,167.2469940185547,134.6258087158203,278.3954772949219,233.03334045410156
2021-08-09,142.74624633789062,167.093505859375,135.79067993164062,277.3086853027344,237.9199981689453
2021-08-10,142.2674560546875,166.03399658203125,135.68556213378906,275.4909362792969,236.663330078125
2021-08-11,142.5215301513672,164.60549926757812,135.16189575195312,275.98138427734375,235.94000244140625
2021-08-12,145.482177734375,165.1750030517578,136.0694122314453,278.7321472167969,240.75
2021-08-13,145.68734741210938,164.69850158691406,136.59854125976562,281.65594482421875,239.05667114257812
2021-08-16,147.66114807128906,164.94949340820312,137.17575073242188,283.3390197753906,228.72332763671875
2021-08-17,146.75241088867188,162.09800720214844,135.54124450683594,281.8771057128906,221.90333557128906
2021-08-18,143.0100555419922,160.06100463867188,134.33871459960938,280.1522521972656,229.663330078125
2021-08-19,143.34225463867188,159.3874969482422,134.56777954101562,285.9725036621094,224.49000549316406
2021-08-20,144.79820251464844,159.99749755859375,136.30296325683594,293.28631591796875,226.75332641601562
2021-08-23,146.283447265625,163.2935028076172,138.8935546875,293.5657958984375,235.43333435058594
2021-08-24,146.19544982910156,165.28900146484375,140.10354614257812,291.6096496582031,236.163330078125
2021-08-25,144.9642791748047,164.95899963378906,140.91432189941406,291.0218811035156,237.06666564941406
2021-08-26,144.16305541992188,165.8000030517578,140.2810821533203,288.20806884765625,233.72000122070312
2021-08-27,145.19882202148438,167.48150634765625,142.82359313964844,288.8151550292969,237.30667114257812
2021-08-30,149.61537170410156,171.07850646972656,143.40525817871094,292.54437255859375,243.6366729736328
2021-08-31,148.35487365722656,173.5395050048828,143.51136779785156,290.8965759277344,245.24000549316406
2021-09-01,149.01931762695312,173.9499969482422,144.02513122558594,290.8484191894531,244.69667053222656
2021-09-02,150.1332244873047,173.156005859375,142.11245727539062,290.19317626953125,244.1300048828125
2021-09-03,150.76834106445312,173.90249633789062,142.56121826171875,290.1835021972656,244.52333068847656
2021-09-07,153.1036376953125,175.46449279785156,143.09779357910156,289.25836181640625,250.97332763671875
2021-09-08,151.55979919433594,176.27499389648438,142.5131072998047,289.2873229980469,251.2899932861328
2021-09-09,150.54359436035156,174.20799255371094,142.36436462402344,286.4350280761719,251.6199951171875
2021-09-10,145.56036376953125,173.45750427246094,139.72122192382812,284.9510803222656,245.42333984375
2021-09-13,146.12705993652344,172.85850524902344,141.16575622558594,286.1844177246094,247.6666717529297
2021-09-14,144.72975158691406,172.5,141.37600708007812,288.88262939453125,248.163330078125
2021-09-15,145.6189422607422,173.7895050048828,143.24560546875,293.7295837402344,251.94332885742188
2021-09-16,145.3844451904297,174.41200256347656,142.43280029296875,294.1150207519531,252.3300018310547
2021-09-17,142.71693420410156,173.12600708007812,139.6458282470703,288.9596862792969,253.163330078125
2021-09-20,139.66835021972656,167.7864990234375,137.58236694335938,283.5923767089844,243.38999938964844
2021-09-21,140.14712524414062,167.18150329589844,137.89332580566406,284.0741882324219,246.4600067138672
2021-09-22,142.51174926757812,169.00250244140625,139.133544921875,287.7165832519531,250.64666748046875
2021-09-23,143.4692840576172,170.8000030517578,140.05841064453125,288.6610412597656,251.2133331298828
2021-09-24,143.5572509765625,171.2760009765625,141.04922485351562,288.4585266113281,258.1300048828125
2021-09-27,142.042724609375,170.2899932861328,139.9156036376953,283.4670715332031,263.78668212890625
2021-09-28,138.66189575195312,165.79800415039062,134.716552734375,273.2045593261719,259.1866760253906
2021-09-29,139.56088256835938,165.05599975585938,133.25216674804688,273.6671142578125,260.4366760253906
2021-09-30,138.2613067626953,164.2519989013672,132.5802001953125,271.66278076171875,258.49334716796875
2021-10-01,139.38499450683594,164.16299438476562,135.42373657226562,278.58160400390625,258.40667724609375
2021-10-04,135.95533752441406,159.48899841308594,132.56387329101562,272.8094787597656,260.510009765625
2021-10-05,137.88021850585938,161.0500030517578,134.90798950195312,278.25390625,260.1966552734375
2021-10-06,138.74989318847656,163.10049438476562,136.43734741210938,282.4455871582031,260.9166564941406
2021-10-07,140.0103302001953,165.1215057373047,138.08375549316406,284.122314453125,264.53668212890625
2021-10-08,139.62925720214844,164.43099975585938,138.63966369628906,284.122314453125,261.8299865722656
2021-10-11,139.5413055419922,162.31500244140625,137.77528381347656,283.5248718261719,263.9800109863281
2021-10-12,138.2710723876953,162.3665008544922,135.3305206298828,282.2240295410156,268.5733337402344
2021-10-13,137.68482971191406,164.21400451660156,136.4542236328125,285.5291442871094,270.3599853515625
2021-10-14,140.46963500976562,164.9929962158203,139.9939422607422,291.73492431640625,272.7733459472656
2021-10-15,141.5248565673828,170.4510040283203,140.20916748046875,293.14178466796875,281.010009765625
2021-10-18,143.1957550048828,172.33700561523438,141.60760498046875,296.1097717285156,290.03668212890625
2021-10-19,145.35513305664062,172.20750427246094,142.06285095214844,297.0155029296875,288.0899963378906
2021-10-20,145.8436737060547,170.7530059814453,140.60690307617188,296.2253723144531,288.6000061035156
2021-10-21,146.05865478515625,171.75050354003906,140.72293090820312,299.4534912109375,298.0
2021-10-22,145.28672790527344,166.77749633789062,136.4388427734375,297.91168212890625,303.2266540527344
2021-10-25,145.2378692626953,166.01849365234375,136.32034301757812,296.919189453125,341.6199951171875
2021-10-26,145.90235900878906,168.80349731445312,138.16656494140625,298.8270568847656,339.4766540527344
2021-10-27,145.44308471679688,169.62449645996094,145.0189208984375,311.4120178222656,345.9533386230469
2021-10-28,149.07794189453125,172.32850646972656,144.6534423828125,312.5489807128906,359.0133361816406
2021-10-29,146.371337890625,168.6215057373047,146.83245849609375,319.55450439453125,371.3333435058594
2021-11-01,145.550537109375,165.90550231933594,142.3207244873047,317.3863830566406,402.86334228515625
2021-11-02,146.58631896972656,165.6374969482422,144.2403564453125,321.0095520019531,390.6666564941406
2021-11-03,148.02264404296875,169.1999969482422,145.3963165283203,321.84796142578125,404.6199951171875
2021-11-04,147.50479125976562,173.85000610351562,147.0521240234375,324.19915771484375,409.9700012207031
2021-11-05,148.033203125,175.94949340820312,147.63182067871094,323.8329772949219,407.36334228515625
2021-11-08,147.21124267578125,174.44900512695312,147.80938720703125,324.72918701171875,387.64666748046875
2021-11-09,147.57327270507812,178.81149291992188,147.69776916503906,323.7270202636719,341.1666564941406
2021-11-10,144.7453155517578,174.1024932861328,144.69757080078125,318.76434326171875,355.98333740234375
2021-11-11,144.69638061523438,173.625,144.5716094970703,320.3349609375,354.5033264160156
2021-11-12,146.7708740234375,176.25750732421875,147.45924377441406,324.468994140625,344.47332763671875
2021-11-15,146.7806854248047,177.28399658203125,147.235107421875,323.84259033203125,337.7966613769531
2021-11-16,147.75921630859375,177.03500366210938,146.66383361816406,327.157470703125,351.57666015625
2021-11-17,150.19578552246094,177.4499969482422,146.83343505859375,327.3794860839844,363.0033264160156
2021-11-18,154.48175048828125,184.80299377441406,148.61024475097656,329.4551086425781,365.4599914550781
2021-11-19,157.104248046875,183.82850646972656,147.7056884765625,331.2313232421875,379.0199890136719
2021-11-22,157.5641632080078,178.6284942626953,145.10272216796875,328.06488037109375,385.6233215332031
2021-11-23,157.9457550048828,179.0019989013672,144.58700561523438,325.9893798828125,369.6766662597656
2021-11-24,158.46441650390625,179.02049255371094,144.9221954345703,326.2113952636719,372.0
2021-11-26,153.4445037841797,175.22799682617188,141.01748657226562,318.2663269042969,360.6400146484375
2021-11-29,156.8009033203125,178.07850646972656,144.33753967285156,324.97564697265625,378.9966735839844
2021-11-30,161.7523193359375,175.35350036621094,140.7343292236328,319.1448059082031,381.586669921875
2021-12-01,161.2336883544922,172.18600463867188,139.89527893066406,318.6524658203125,365.0
2021-12-02,160.24537658691406,171.8679962158203,141.7940673828125,318.0828857421875,361.5333251953125
2021-12-03,158.3665313720703,169.489501953125,140.83746337890625,311.8273010253906,338.3233337402344
2021-12-06,161.77188110351562,171.36849975585938,141.9815216064453,314.8971252441406,336.336669921875
2021-12-07,167.50607299804688,176.1645050048828,146.0623016357422,323.32489013671875,350.5833435058594
2021-12-08,171.3223876953125,176.1580047607422,146.97178649902344,323.3731689453125,356.32000732421875
2021-12-09,170.81353759765625,174.17100524902344,146.4282684326172,321.56787109375,334.6000061035156
2021-12-10,175.5985870361328,172.21200561523438,146.7882843017578,330.6811218261719,339.010009765625
2021-12-13,171.9682159423828,169.5675048828125,144.6311492919922,327.64984130859375,322.13665771484375
2021-12-14,170.5885009765625,169.0915069580078,142.72735595703125,316.97265625,319.5033264160156
2021-12-15,175.45184326171875,173.31500244140625,145.24057006835938,323.0642395019531,325.3299865722656
2021-12-16,168.5629425048828,168.87100219726562,143.26095581054688,313.65179443359375,308.97332763671875
2021-12-17,167.4669952392578,170.0175018310547,140.5632781982422,312.58990478515625,310.8566589355469
2021-12-20,166.10678100585938,167.07899475097656,140.4462127685547,308.8345947265625,299.9800109863281
2021-12-21,169.27725219726562,170.41700744628906,142.2964324951172,315.9590148925781,312.84332275390625
2021-12-22,171.87034606933594,171.03700256347656,145.2147979736328,321.66448974609375,336.2900085449219
2021-12-23,172.4966583251953,171.06849670410156,145.71218872070312,323.1029052734375,355.6666564941406
2021-12-27,176.45973205566406,169.66949462890625,146.694091796875,330.59423828125,364.64666748046875
2021-12-28,175.44203186035156,170.66099548339844,145.48458862304688,329.4357604980469,362.8233337402344
2021-12-29,175.53012084960938,169.2010040283203,145.45281982421875,330.111572265625,362.0633239746094
2021-12-30,174.37542724609375,168.64450073242188,145.00204467773438,327.5725402832031,356.7799987792969
2021-12-31,173.75894165039062,166.7169952392578,143.66461181640625,324.6763916015625,352.260009765625
2022-01-03,178.10365295410156,170.4044952392578,143.802978515625,323.16082763671875,399.9266662597656
2022-01-04,175.84323120117188,167.52200317382812,143.2158203125,317.61956787109375,383.1966552734375
2022-01-05,171.16583251953125,164.35699462890625,136.6456298828125,305.4267578125,362.7066650390625
2022-01-06,168.30850219726562,163.25399780273438,136.61834716796875,303.0133056640625,354.8999938964844
2022-01-07,168.474853515625,162.5540008544922,135.89381408691406,303.1677551269531,342.32000732421875
2022-01-10,168.49440002441406,161.48599243164062,137.53277587890625,303.3897705078125,352.7066650390625
2022-01-11,171.3223876953125,165.36199951171875,138.59054565429688,304.0752868652344,354.79998779296875
2022-01-12,171.7627410888672,165.20700073242188,140.2711639404297,307.25128173828125,368.739990234375
2022-01-13,168.49440002441406,161.21400451660156,137.45098876953125,294.2476501464844,343.85333251953125
2022-01-14,169.35556030273438,162.13800048828125,138.33714294433594,299.4607238769531,349.8699951171875
2022-01-18,166.15570068359375,158.91749572753906,134.88320922851562,292.1721496582031,343.5033264160156
2022-01-19,162.662353515625,156.2989959716797,134.00892639160156,292.8285827636719,331.8833312988281
2022-01-20,160.97921752929688,151.66749572753906,132.2147216796875,291.1584777832031,332.0899963378906
2022-01-21,158.92434692382812,142.64300537109375,129.28298950195312,285.7812805175781,314.6333312988281
2022-01-24,158.15126037597656,144.54400634765625,129.7317657470703,286.1095275878906,310.0
2022-01-25,156.3507537841797,139.98599243164062,125.89447784423828,278.5023498535156,306.1333312988281
2022-01-26,156.2626953125,138.87249755859375,128.1736297607422,286.4377136230469,312.4700012207031
2022-01-27,155.80276489257812,139.6374969482422,127.94752502441406,289.4593505859375,276.3666687011719
2022-01-28,166.67431640625,143.97799682617188,132.25787353515625,297.587890625,282.1166687011719
2022-01-31,171.02882385253906,149.57350158691406,134.19439697265625,300.2136535644531,312.239990234375
2022-02-01,170.8625030517578,151.19349670410156,136.5157012939453,298.07061767578125,310.4166564941406
2022-02-02,172.06607055664062,150.6125030517578,146.78680419921875,302.6078186035156,301.88665771484375
2022-02-03,169.18917846679688,138.8455047607422,141.91705322265625,290.820556640625,297.0466613769531
2022-02-04,168.9050750732422,157.63949584960938,142.11839294433594,295.34820556640625,307.7733459472656
2022-02-07,168.1898193359375,157.9355010986328,138.05996704101562,290.5310363769531,302.4466552734375
2022-02-08,171.29574584960938,161.4134979248047,138.2563018798828,294.01593017578125,307.3333435058594
2022-02-09,172.7164306640625,161.1894989013672,140.43133544921875,300.4357604980469,310.6666564941406
2022-02-10,168.6405029296875,159.0034942626953,137.48370361328125,291.91143798828125,301.51666259765625
2022-02-11,165.23086547851562,153.2935028076172,133.1817626953125,284.8255615234375,286.6666564941406
2022-02-14,165.46600341796875,155.16700744628906,134.41505432128906,284.7869873046875,291.9200134277344
2022-02-15,169.2969512939453,156.510498046875,135.48870849609375,290.0675964355469,307.4766540527344
2022-02-16,169.06182861328125,158.10049438476562,136.6089324951172,289.72900390625,307.7966613769531
2022-02-17,165.46600341796875,154.65249633789062,131.45257568359375,281.2451171875,292.1166687011719
2022-02-18,163.91795349121094,152.60150146484375,129.33404541015625,278.5364990234375,285.6600036621094
2022-02-22,160.99818420410156,150.19749450683594,128.7493896484375,278.3332824707031,273.84332275390625
2022-02-23,156.83413696289062,144.82699584960938,126.54212951660156,271.1264343261719,254.67999267578125
2022-02-24,159.45016479492188,151.35800170898438,131.60330200195312,284.9792175292969,266.92333984375
2022-02-25,161.5175018310547,153.7884979248047,133.3572998046875,287.61041259765625,269.9566650390625
2022-02-28,161.78207397460938,153.56300354003906,133.94992065429688,289.0421142578125,290.1433410644531
2022-03-01,159.90081787109375,151.14199829101562,132.9625701904297,285.3274230957031,288.1233215332031
2022-03-02,163.1929168701172,152.05250549316406,133.46839904785156,290.396484375,293.2966613769531
2022-03-03,162.86956787109375,147.89849853515625,132.80189514160156,286.26580810546875,279.7633361816406
2022-03-04,159.87144470214844,145.64100646972656,130.82521057128906,280.4034729003906,279.42999267578125
2022-03-07,156.07968139648438,137.4530029296875,125.34253692626953,269.8106994628906,268.1933288574219
2022-03-08,154.2572784423828,136.01449584960938,126.06259155273438,266.8505554199219,274.79998779296875
2022-03-09,159.6558837890625,139.2790069580078,132.32630920410156,279.0878601074219,286.3233337402344
2022-03-10,155.3154754638672,146.8175048828125,131.3439483642578,276.2728271484375,279.4333190917969
2022-03-11,151.60206604003906,145.52450561523438,128.805908203125,270.932861328125,265.1166687011719
2022-03-14,147.5751495361328,141.85299682617188,124.91854858398438,267.42132568359375,255.4566650390625
2022-03-15,151.95477294921875,147.3665008544922,128.13893127441406,277.781982421875,267.2966613769531
2022-03-16,156.3638153076172,153.10400390625,132.1879425048828,284.7857360839844,280.07666015625
2022-03-17,157.3729705810547,157.23899841308594,132.7418975830078,285.58868408203125,290.5333251953125
2022-03-18,160.6650390625,161.25050354003906,135.0096435546875,290.6286926269531,301.7966613769531
2022-03-21,162.03675842285156,161.4915008544922,134.98585510253906,289.4001159667969,307.0533447265625
2022-03-22,165.4072265625,164.88900756835938,138.72146606445312,294.1402893066406,331.32666015625
2022-03-23,166.76913452148438,163.4080047607422,137.1420135498047,289.71929931640625,333.03668212890625
2022-03-24,170.55111694335938,163.64950561523438,140.4114990234375,294.178955078125,337.97332763671875
2022-03-25,171.18797302246094,164.77349853515625,140.51168823242188,293.7726135253906,336.8800048828125
2022-03-28,172.0501708984375,168.99049377441406,140.29595947265625,300.5635986328125,363.9466552734375
2022-03-29,175.34225463867188,169.31500244140625,141.33734130859375,305.11993408203125,366.5233459472656
2022-03-30,174.17630004882812,166.30099487304688,140.77500915527344,303.6204528808594,364.663330078125
2022-03-31,171.0802001953125,162.99749755859375,137.9275360107422,298.2515869140625,359.20001220703125
2022-04-01,170.7862091064453,163.55999755859375,139.00164794921875,299.3253479003906,361.5299987792969
2022-04-04,174.83274841308594,168.34649658203125,141.79953002929688,304.6943054199219,381.8166809082031
2022-04-05,171.5210723876953,164.05499267578125,139.43853759765625,300.7377014160156,363.7533264160156
2022-04-06,168.3563690185547,158.75599670410156,135.42868041992188,289.72900390625,348.586669921875
2022-04-07,168.6601104736328,157.7845001220703,134.77459716796875,291.5379638671875,352.4200134277344
2022-04-08,166.6515350341797,154.4604949951172,132.19493103027344,287.2815856933594,341.8299865722656
2022-04-11,162.3992919921875,151.1219940185547,127.76750183105469,275.95361328125,325.30999755859375
2022-04-12,164.27066040039062,150.78750610351562,126.66758728027344,272.85797119140625,328.98333740234375
2022-04-13,166.95526123046875,155.54100036621094,128.8292236328125,278.23651123046875,340.7900085449219
2022-04-14,161.94857788085938,151.7064971923828,125.69117736816406,270.70068359375,328.3333435058594
2022-04-18,161.73301696777344,152.78500366210938,126.62991333007812,271.3681640625,334.7633361816406
2022-04-19,164.0159149169922,158.11549377441406,128.94326782226562,275.99224853515625,342.7166748046875
2022-04-20,163.849365234375,153.9980010986328,126.99042510986328,277.0176696777344,325.73333740234375
2022-04-21,163.05575561523438,148.29600524902344,123.7913589477539,271.6488037109375,336.260009765625
2022-04-22,158.51931762695312,144.35000610351562,118.6548080444336,265.0899963378906,335.01666259765625
2022-04-25,159.5873260498047,146.07400512695312,122.06513214111328,271.5616455078125,332.67333984375
2022-04-26,153.63021850585938,139.39100646972656,117.67739868164062,261.4042053222656,292.1400146484375
2022-04-27,153.40487670898438,138.16700744628906,113.35761260986328,273.9801025390625,293.836669921875
2022-04-28,160.3319549560547,144.59649658203125,117.55094146728516,280.18096923828125,292.5033264160156
2022-04-29,154.46302795410156,124.28150177001953,113.17411804199219,268.46600341796875,290.2533264160156
2022-05-02,154.7667694091797,124.5,115.6273422241211,275.18939208984375,300.9800109863281
2022-05-03,156.25604248046875,124.25350189208984,116.37218475341797,272.58709716796875,303.0833435058594
2022-05-04,162.66384887695312,125.92849731445312,121.25879669189453,280.51953125,317.5400085449219
2022-05-05,153.60081481933594,116.40699768066406,115.55047607421875,268.3016662597656,291.09332275390625
2022-05-06,154.326904296875,114.77249908447266,114.79769897460938,265.7671203613281,288.54998779296875
2022-05-09,149.20494079589844,108.78900146484375,111.5887222290039,255.94822692871094,262.3699951171875
2022-05-10,151.6089324951172,108.85900115966797,113.457275390625,260.707763671875,266.67999267578125
2022-05-11,143.74932861328125,105.37200164794922,112.67127227783203,252.04969787597656,244.6666717529297
2022-05-12,139.88328552246094,106.93049621582031,111.91898345947266,247.01934814453125,242.6666717529297
2022-05-13,144.3478546142578,113.05500030517578,115.09920501708984,252.6011199951172,256.5299987792969
2022-05-16,142.80735778808594,110.81050109863281,113.50686645507812,252.96875,241.4566650390625
2022-05-17,146.4379425048828,115.36849975585938,115.51824951171875,258.11517333984375,253.8699951171875
2022-05-18,138.1759796142578,107.11250305175781,110.98223114013672,246.36328125,236.60333251953125
2022-05-19,134.7711181640625,107.31900024414062,109.4791488647461,245.45181274414062,236.47332763671875
2022-05-20,135.00660705566406,107.59100341796875,108.0152587890625,244.88938903808594,221.3000030517578
2022-05-23,140.42295837402344,107.55699920654297,110.5741195678711,252.73367309570312,224.96665954589844
2022-05-24,137.72457885742188,104.0999984741211,105.10135650634766,251.73501586914062,209.3866729736328
2022-05-25,137.881591796875,106.7750015258789,104.93769836425781,254.54693603515625,219.60000610351562
2022-05-26,141.0803680419922,111.07749938964844,106.90890502929688,257.8243103027344,235.91000366210938
2022-05-27,146.83035278320312,115.14649963378906,111.39581298828125,264.9413146972656,253.2100067138672
2022-05-31,146.04537963867188,120.20950317382812,112.82947540283203,263.6129455566406,252.75332641601562
2022-06-01,145.91786193847656,121.68399810791016,112.9583969116211,264.14630126953125,246.7899932861328
2022-06-02,148.37088012695312,125.51100158691406,116.65831756591797,266.24066162109375,258.3333435058594
2022-06-03,142.6503448486328,122.3499984741211,113.60208129882812,261.81915283203125,234.51666259765625
2022-06-06,143.39610290527344,124.79000091552734,115.86289978027344,260.5877380371094,238.27999877929688
2022-06-07,145.91786193847656,123.0,116.18920135498047,264.2238464355469,238.8866729736328
2022-06-08,145.1819305419922,121.18000030517578,116.23333740234375,262.19732666015625,241.86666870117188
2022-06-09,139.96182250976562,116.1500015258789,113.8941650390625,256.748046875,239.7066650390625
2022-06-10,134.5552520751953,109.6500015258789,110.25028228759766,245.30638122558594,232.22999572753906
2022-06-13,129.4038543701172,103.66999816894531,105.52037048339844,234.9022674560547,215.73666381835938
2022-06-14,130.2672882080078,102.30999755859375,105.84073638916016,237.0645294189453,220.88999938964844
2022-06-15,132.88720703125,107.66999816894531,108.86473846435547,244.1137237548828,233.0
2022-06-16,127.61799621582031,103.66000366210938,105.16431427001953,237.5299530029297,213.10000610351562
2022-06-17,129.08984375,106.22000122070312,106.26522064208984,240.1285400390625,216.75999450683594
2022-06-21,133.31890869140625,108.68000030517578,110.629638671875,246.03359985351562,237.0366668701172
2022-06-22,132.8086700439453,108.94999694824219,110.57362365722656,245.44210815429688,236.086669921875
2022-06-23,135.67384338378906,112.44000244140625,111.32192993164062,250.99815368652344,235.07000732421875
2022-06-24,139.0001983642578,116.45999908447266,117.00792694091797,259.56964111328125,245.7066650390625
2022-06-27,139.0001983642578,113.22000122070312,114.88399505615234,256.844970703125,244.9199981689453
2022-06-28,134.85943603515625,107.4000015258789,111.08934783935547,248.69036865234375,232.663330078125
2022-06-29,136.6158447265625,108.91999816894531,110.7858657836914,252.3555145263672,228.49000549316406
2022-06-30,134.1529541015625,106.20999908447266,108.06980895996094,249.02975463867188,224.47332763671875
2022-07-01,136.32144165039062,109.55999755859375,107.84616088867188,251.6962127685547,227.26333618164062
2022-07-05,138.90208435058594,113.5,112.33455657958984,254.86692810058594,233.06666564941406
2022-07-06,140.236572265625,114.33000183105469,113.6328353881836,258.12481689453125,231.73333740234375
2022-07-07,143.6021270751953,116.33000183105469,117.8093032836914,260.2483215332031,244.5433349609375
2022-07-08,144.27919006347656,115.54000091552734,118.37513732910156,259.5308532714844,250.76333618164062
2022-07-11,142.14991760253906,111.75,114.728271484375,256.4765319824219,234.3433380126953
2022-07-12,143.12136840820312,109.22000122070312,113.08585357666016,245.96572875976562,233.07000732421875
2022-07-13,142.75828552246094,110.4000015258789,110.44071197509766,245.04457092285156,237.0399932861328
2022-07-14,145.6823272705078,110.62999725341797,109.4627914428711,246.36328125,238.31333923339844
2022-07-15,147.3503875732422,113.55000305175781,110.8612289428711,248.92308044433594,240.06666564941406
2022-07-18,144.3086395263672,113.76000213623047,108.13624572753906,246.52809143066406,240.54666137695312
2022-07-19,148.16482543945312,118.20999908447266,112.87706756591797,251.6477813720703,245.52999877929688
2022-07-20,150.1665496826172,122.7699966430664,112.96633911132812,254.3044891357422,247.5
2022-07-21,152.4331512451172,124.62999725341797,113.40272521972656,256.79644775390625,271.7066650390625
2022-07-22,151.19679260253906,122.41999816894531,107.01551055908203,252.4525146484375,272.24334716796875
2022-07-25,150.07821655273438,121.13999938964844,106.62873077392578,250.96900939941406,268.4333190917969
2022-07-26,148.75357055664062,114.80999755859375,104.15911102294922,244.2494659423828,258.8599853515625
2022-07-27,153.8461456298828,120.97000122070312,112.13320922851562,260.57806396484375,274.82000732421875
2022-07-28,154.39561462402344,122.27999877929688,113.28372192382812,268.0151062011719,280.8999938964844
2022-07-29,159.45872497558594,134.9499969482422,115.36650085449219,272.2135314941406,297.1499938964844
2022-08-01,158.4774932861328,135.38999938964844,113.91847229003906,269.56646728515625,297.27667236328125
2022-08-02,157.0056610107422,134.16000366210938,114.18624877929688,266.4734191894531,300.586669921875
2022-08-03,163.01077270507812,139.52000427246094,117.11206817626953,273.8909912109375,307.39666748046875
2022-08-04,162.69674682617188,142.57000732421875,117.22118377685547,275.0351867675781,308.6333312988281
2022-08-05,162.4707794189453,140.8000030517578,116.50707244873047,274.31768798828125,288.1700134277344
2022-08-08,161.99911499023438,139.41000366210938,116.3384780883789,271.8063049316406,290.42333984375
2022-08-09,162.0482635498047,137.8300018310547,115.6739501953125,273.7261047363281,283.3333435058594
2022-08-10,166.29306030273438,142.69000244140625,118.71879577636719,280.37786865234375,294.3566589355469
2022-08-11,165.5561065673828,140.63999938964844,117.8658447265625,278.30279541015625,286.6300048828125
2022-08-12,169.10324096679688,143.5500030517578,120.68255615234375,283.0443115234375,300.0299987792969
2022-08-15,170.1742401123047,143.17999267578125,121.07929229736328,284.55694580078125,309.32000732421875
2022-08-16,170.01702880859375,144.77999877929688,120.70238494873047,283.8200378417969,306.5633239746094
2022-08-17,171.5105743408203,142.10000610351562,118.57002258300781,283.07177734375,303.9966735839844
2022-08-18,171.1175079345703,142.3000030517578,119.1849365234375,281.9544372558594,302.8699951171875
2022-08-19,168.53334045410156,138.22999572753906,116.24919891357422,278.04815673828125,296.6666564941406
2022-08-22,164.65211486816406,133.22000122070312,113.30354309082031,269.88604736328125,289.913330078125
2022-08-23,164.3180389404297,133.6199951171875,112.92667388916016,268.61309814453125,296.4533386230469
2022-08-24,164.61282348632812,133.8000030517578,112.758056640625,267.9815673828125,297.0966796875
2022-08-25,167.0692596435547,137.27999877929688,115.69378662109375,270.9548645019531,296.07000732421875
2022-08-26,160.77088928222656,130.75,109.43550872802734,260.49951171875,288.0899963378906
2022-08-29,158.5699005126953,129.7899932861328,108.52306365966797,257.7204895019531,284.82000732421875
2022-08-30,156.14292907714844,128.72999572753906,108.04700469970703,255.5245361328125,277.70001220703125
2022-08-31,154.48236083984375,126.7699966430664,107.33289337158203,254.06695556640625,275.6099853515625
2022-09-01,155.20945739746094,127.81999969482422,108.84043884277344,253.0272674560547,277.1600036621094
2022-09-02,153.0968780517578,127.51000213623047,106.9659194946289,248.81015014648438,270.2099914550781
2022-09-06,151.8391876220703,126.11000061035156,105.93445587158203,246.07972717285156,274.4200134277344
2022-09-07,153.24427795410156,129.47999572753906,108.55280303955078,250.7826690673828,283.70001220703125
2022-09-08,151.7703857421875,129.82000732421875,107.4915771484375,251.20046997070312,289.260009765625
2022-09-09,154.6297149658203,133.27000427246094,109.74298095703125,256.9723205566406,299.67999267578125
2022-09-12,160.5841827392578,136.4499969482422,109.95125579833984,259.1003112792969,304.4200134277344
2022-09-13,151.16119384765625,126.81999969482422,103.4648666381836,244.85533142089844,292.1300048828125
2022-09-14,152.60560607910156,128.5500030517578,104.13929748535156,245.07887268066406,302.6099853515625
2022-09-15,149.71681213378906,126.27999877929688,102.0664291381836,238.43251037597656,303.75
2022-09-16,148.0758819580078,123.52999877929688,101.95732116699219,237.81063842773438,303.3500061035156
2022-09-19,151.7900390625,124.66000366210938,102.22510528564453,237.59689331054688,309.07000732421875
2022-09-20,154.16787719726562,122.19000244140625,100.31092834472656,235.58546447753906,308.7300109863281
2022-09-21,151.04327392578125,118.54000091552734,98.4661865234375,232.18458557128906,300.79998779296875
2022-09-22,150.080322265625,117.30999755859375,99.31912994384766,234.1571044921875,288.5899963378906
2022-09-23,147.81056213378906,113.77999877929688,97.93060302734375,231.1837158203125,275.3299865722656
2022-09-26,148.1446533203125,115.1500015258789,97.36527252197266,230.72705078125,276.010009765625
2022-09-27,149.11740112304688,114.41000366210938,96.70077514648438,229.7165069580078,282.94000244140625
2022-09-28,147.23085021972656,118.01000213623047,99.22987365722656,234.2445831298828,287.80999755859375
2022-09-29,139.99899291992188,114.80000305175781,96.62141418457031,230.775634765625,268.2099914550781
2022-09-30,135.79354858398438,113.0,94.86593627929688,226.3058624267578,265.25
2022-10-03,139.9695281982422,115.87999725341797,97.8314208984375,233.92388916015625,242.39999389648438
2022-10-04,143.5559844970703,121.08999633789062,100.80684661865234,241.83346557617188,249.44000244140625
2022-10-05,143.85073852539062,120.94999694824219,100.59855651855469,242.14437866210938,240.80999755859375
2022-10-06,142.8976593017578,120.30000305175781,100.58863830566406,239.80259704589844,238.1300048828125
2022-10-07,137.65060424804688,114.55999755859375,97.87109375,227.6079559326172,223.07000732421875
2022-10-10,137.97488403320312,113.66999816894531,97.05780792236328,222.7592010498047,222.9600067138672
2022-10-11,136.55995178222656,112.20999908447266,96.3833999633789,219.02793884277344,216.5
2022-10-12,135.9311065673828,112.9000015258789,96.7602767944336,219.35830688476562,217.24000549316406
2022-10-13,140.50015258789062,112.52999877929688,98.24797821044922,227.6079559326172,221.72000122070312
2022-10-14,135.97039794921875,106.9000015258789,95.76847839355469,222.08871459960938,204.99000549316406
2022-10-17,139.93020629882812,113.79000091552734,99.15052795410156,230.80477905273438,219.35000610351562
2022-10-18,141.2469024658203,116.36000061035156,99.94395446777344,231.747314453125,220.19000244140625
2022-10-19,141.35496520996094,115.06999969482422,98.81330108642578,229.78451538085938,222.0399932861328
2022-10-20,140.8931427001953,115.25,99.15052795410156,229.4638214111328,207.27999877929688
2022-10-21,144.70559692382812,119.31999969482422,100.30101776123047,235.26483154296875,214.44000244140625
2022-10-24,146.84764099121094,119.81999969482422,101.67961883544922,240.2495880126953,211.25
2022-10-25,149.6873016357422,120.5999984741211,103.62355041503906,243.56304931640625,222.4199981689453
2022-10-26,146.7493896484375,115.66000366210938,94.15182495117188,224.77061462402344,224.63999938964844
2022-10-27,142.2786102294922,110.95999908447266,91.46406555175781,220.33001708984375,225.08999633789062
2022-10-28,153.02809143066406,103.41000366210938,95.50069427490234,229.19175720214844,228.52000427246094
2022-10-31,150.6698760986328,102.44000244140625,93.73527526855469,225.55767822265625,227.5399932861328
2022-11-01,148.02674865722656,96.79000091552734,89.72840118408203,221.7097930908203,227.82000732421875
2022-11-02,142.50460815429688,92.12000274658203,86.257080078125,213.8682861328125,214.97999572753906
2022-11-03,136.46170043945312,89.30000305175781,82.74610900878906,208.1839141845703,215.30999755859375
2022-11-04,136.19593811035156,90.9800033569336,85.87027740478516,215.12173461914062,207.47000122070312
2022-11-07,136.7274169921875,90.52999877929688,87.76461791992188,221.4182586669922,197.0800018310547
2022-11-08,137.2982940673828,89.9800033569336,88.17127227783203,222.3900146484375,191.3000030517578
2022-11-09,132.7413330078125,86.13999938964844,86.60421752929688,218.15341186523438,177.58999633789062
2022-11-10,144.55197143554688,96.62999725341797,93.1699447631836,236.10047912597656,190.72000122070312
2022-11-11,147.33726501464844,100.79000091552734,95.61971282958984,240.11355590820312,195.97000122070312
2022-11-14,145.93971252441406,98.48999786376953,94.91551971435547,234.71095275878906,190.9499969482422
2022-11-15,147.67190551757812,98.94000244140625,97.63306427001953,235.11904907226562,194.4199981689453
2022-11-16,146.441650390625,97.12000274658203,98.03970336914062,235.54783630371094,186.9199981689453
2022-11-17,148.3411865234375,94.8499984741211,97.5537338256836,235.49908447265625,183.1699981689453
2022-11-18,148.9021759033203,94.13999938964844,96.63134765625,235.05087280273438,180.19000244140625
2022-11-21,145.6739501953125,92.45999908447266,94.81634521484375,235.85963439941406,167.8699951171875
2022-11-22,147.80970764160156,93.19999694824219,96.25445556640625,238.76341247558594,169.91000366210938
2022-11-23,148.68568420410156,94.12999725341797,97.65290832519531,241.24819946289062,183.1999969482422
2022-11-25,145.77239990234375,93.41000366210938,96.66110229492188,241.16050720214844,182.86000061035156
2022-11-28,141.94378662109375,93.94999694824219,95.26264953613281,235.57705688476562,182.9199981689453
2022-11-29,138.9419403076172,92.41999816894531,94.40970611572266,234.18360900878906,180.8300018310547
2022-11-30,145.6936492919922,96.54000091552734,100.16216278076172,248.61485290527344,194.6999969482422
2022-12-01,145.96925354003906,95.5,100.16216278076172,248.17637634277344,194.6999969482422
2022-12-02,145.47711181640625,94.12999725341797,99.61666870117188,248.49794006347656,194.86000061035156
2022-12-05,144.31573486328125,91.01000213623047,98.66455078125,243.8011932373047,182.4499969482422
2022-12-06,140.65444946289062,88.25,96.18504333496094,238.85110473632812,179.82000732421875
2022-12-07,138.71554565429688,88.45999908447266,94.1617660522461,238.1202850341797,174.0399932861328
2022-12-08,140.3985595703125,90.3499984741211,92.94182586669922,241.07278442382812,173.44000244140625
2022-12-09,139.91629028320312,89.08999633789062,92.06904602050781,239.1434326171875,179.0500030517578
2022-12-12,142.20950317382812,90.55000305175781,92.54510498046875,246.0521240234375,167.82000732421875
2022-12-13,143.17405700683594,92.48999786376953,94.84608459472656,250.3493194580078,160.9499969482422
2022-12-14,140.9497528076172,91.58000183105469,94.29068756103516,250.64169311523438,156.8000030517578
2022-12-15,134.34561157226562,88.44999694824219,90.11520385742188,242.6416015625,157.6699981689453
2022-12-16,132.38702392578125,87.86000061035156,89.5201187133789,238.43209838867188,150.22999572753906
2022-12-19,130.28079223632812,84.91999816894531,87.71503448486328,234.30055236816406,149.8699951171875
2022-12-20,130.21192932128906,85.19000244140625,88.29027557373047,235.61602783203125,137.8000030517578
2022-12-21,133.3121795654297,86.7699966430664,88.84569549560547,238.1787567138672,137.57000732421875
2022-12-22,130.1430206298828,83.79000091552734,87.0406265258789,232.09835815429688,125.3499984741211
2022-12-23,129.77886962890625,85.25,88.49856567382812,232.62454223632812,123.1500015258789
2022-12-27,127.97773742675781,83.04000091552734,86.67364501953125,230.89984130859375,109.0999984741211
2022-12-28,124.05072784423828,81.81999969482422,85.31488037109375,228.53195190429688,112.70999908447266
2022-12-29,127.56436920166016,84.18000030517578,87.7249526977539,234.84622192382812,121.81999969482422
2022-12-30,127.87930297851562,84.0,87.50675964355469,233.6866912841797,123.18000030517578
2023-01-03,123.09601593017578,85.81999969482422,88.38946533203125,233.45281982421875,108.0999984741211
2023-01-04,124.36566925048828,85.13999938964844,87.35797119140625,223.2408447265625,113.63999938964844
2023-01-05,123.04682159423828,83.12000274658203,85.4933853149414,216.6244659423828,110.33999633789062
2023-01-06,127.57420349121094,86.08000183105469,86.62405395507812,219.17745971679688,113.05999755859375
2023-01-09,128.09585571289062,87.36000061035156,87.29846954345703,221.31146240234375,119.7699966430664
2023-01-10,128.6667022705078,89.87000274658203,87.69520568847656,222.99722290039062,118.8499984741211
2023-01-11,131.3831329345703,95.08999633789062,90.76979064941406,229.740234375,123.22000122070312
2023-01-12,131.3043975830078,95.2699966430664,90.38298034667969,232.41014099121094,123.55999755859375
2023-01-13,132.6331024169922,98.12000274658203,91.36488342285156,233.11175537109375,122.4000015258789
2023-01-17,133.7944793701172,96.05000305175781,90.54167175292969,234.20310974121094,131.49000549316406
2023-01-18,133.0760040283203,95.45999908447266,90.37307739257812,229.77920532226562,128.77999877929688
2023-01-19,133.13504028320312,93.68000030517578,92.28724670410156,225.9984588623047,127.16999816894531
2023-01-20,135.6939697265625,97.25,97.21650695800781,234.076416015625,133.4199981689453
2023-01-23,138.8828887939453,97.5199966430664,98.97200012207031,236.37608337402344,143.75
2023-01-24,140.28045654296875,96.31999969482422,96.89913177490234,235.84988403320312,143.88999938964844
2023-01-25,139.62103271484375,97.18000030517578,94.43946838378906,234.45648193359375,144.42999267578125
2023-01-26,141.68788146972656,99.22000122070312,96.72061157226562,241.657470703125,160.27000427246094
2023-01-27,143.6267547607422,102.23999786376953,98.5554428100586,241.81338500976562,177.89999389648438
2023-01-30,140.7430419921875,100.55000305175781,96.1453628540039,236.5027618408203,166.66000366210938
2023-01-31,142.0126495361328,103.12999725341797,98.02978515625,241.47232055664062,173.22000122070312
2023-02-01,143.1346893310547,105.1500015258789,99.60675048828125,246.2859649658203,181.41000366210938
2023-02-02,148.4396209716797,112.91000366210938,106.85682678222656,257.8328857421875,188.27000427246094
2023-02-03,152.0615234375,103.38999938964844,103.92108154296875,251.74276733398438,189.97999572753906
2023-02-06,149.3352508544922,102.18000030517578,102.05650329589844,250.2031707763672,194.75999450683594
2023-02-07,152.2091522216797,102.11000061035156,106.75765228271484,260.71722412109375,196.80999755859375
2023-02-08,149.5222625732422,100.05000305175781,98.5554428100586,259.9084167480469,201.2899932861328
2023-02-09,148.48880004882812,98.23999786376953,94.23119354248047,256.87799072265625,207.32000732421875
2023-02-10,148.85354614257812,97.61000061035156,93.7947769165039,256.3712158203125,196.88999938964844
2023-02-13,151.65298461914062,99.54000091552734,93.8344497680664,264.381103515625,194.63999938964844
2023-02-14,151.01226806640625,99.69999694824219,93.90389251708984,265.20928955078125,209.25
2023-02-15,153.11187744140625,101.16000366210938,96.1453628540039,263.0895080566406,214.24000549316406
2023-02-16,151.51499938964844,98.1500015258789,94.72708129882812,256.0853576660156,202.0399932861328
2023-02-17,150.37156677246094,97.19999694824219,93.57658386230469,252.0900115966797,208.30999755859375
2023-02-21,146.35964965820312,94.58000183105469,91.0375747680664,246.82467651367188,197.3699951171875
2023-02-22,146.7835235595703,95.79000091552734,90.89872741699219,245.69154357910156,200.86000061035156
2023-02-23,147.26651000976562,95.81999969482422,90.14495086669922,248.87611389160156,202.07000732421875
2023-02-24,144.6149444580078,93.5,88.39937591552734,243.4545135498047,196.8800048828125
2023-02-27,145.80764770507812,93.76000213623047,89.13331604003906,244.37277221679688,207.6300048828125
2023-02-28,145.304931640625,94.2300033569336,89.32176208496094,243.64987182617188,205.7100067138672
2023-03-01,143.2349395751953,92.16999816894531,89.61929321289062,240.57276916503906,202.77000427246094
2023-03-02,143.8263702392578,92.12999725341797,91.24585723876953,245.30081176757812,190.89999389648438
2023-03-03,148.8732452392578,94.9000015258789,92.88232421875,249.3841094970703,197.7899932861328
2023-03-06,151.63328552246094,93.75,94.35018920898438,250.9275360107422,193.80999755859375
2023-03-07,149.43515014648438,93.55000305175781,93.09060668945312,248.27044677734375,187.7100067138672
2023-03-08,150.68698120117188,93.91999816894531,93.47740936279297,247.8308868408203,182.0
2023-03-09,148.4395294189453,92.25,91.56322479248047,246.4828338623047,172.9199981689453
2023-03-10,146.37936401367188,90.7300033569336,89.8870849609375,242.83909606933594,173.44000244140625
2023-03-13,148.3212432861328,92.43000030517578,90.3631591796875,248.04580688476562,174.47999572753906
2023-03-14,150.4109649658203,94.87999725341797,93.19970703125,254.75689697265625,183.25999450683594
2023-03-15,150.80526733398438,96.19999694824219,95.32215881347656,259.2992858886719,180.4499969482422
2023-03-16,153.62442016601562,100.04000091552734,99.49765014648438,269.8103332519531,184.1300048828125
2023-03-17,152.78659057617188,98.94999694824219,100.78699493408203,272.96563720703125,180.1300048828125
2023-03-20,155.1522979736328,97.70999908447266,100.39027404785156,265.93218994140625,183.25
2023-03-21,157.00547790527344,100.61000061035156,104.0599365234375,267.44635009765625,197.5800018310547
2023-03-22,155.57614135742188,98.69999694824219,102.52265930175781,265.99078369140625,191.14999389648438
2023-03-23,156.66046142578125,98.70999908447266,104.73436737060547,271.2365417480469,192.22000122070312
2023-03-24,157.96157836914062,98.12999725341797,104.57567596435547,274.0793151855469,190.41000366210938
2023-03-27,156.0196990966797,98.04000091552734,101.62010192871094,269.9862060546875,191.80999755859375
2023-03-28,155.3987274169922,97.23999786376953,100.20183563232422,268.86279296875,189.19000244140625
2023-03-29,158.4741668701172,100.25,100.55889129638672,274.0205993652344,193.8800048828125
2023-03-30,160.0414581298828,102.0,100.06297302246094,277.478759765625,195.27999877929688
2023-03-31,162.54518127441406,103.29000091552734,102.87969970703125,281.6304016113281,207.4600067138672
2023-04-03,163.7970733642578,102.41000366210938,103.50452423095703,280.5852355957031,194.77000427246094
2023-04-04,163.2647705078125,103.94999694824219,103.86158752441406,280.5363464355469,192.5800018310547
2023-04-05,161.4214630126953,101.0999984741211,103.61363220214844,277.76202392578125,185.52000427246094
2023-04-06,162.30860900878906,102.05999755859375,107.53125,284.85406494140625,185.05999755859375
2023-04-10,159.71617126464844,102.16999816894531,105.56748962402344,282.6952209472656,184.50999450683594
2023-04-11,158.50375366210938,99.91999816894531,104.48641967773438,276.28692626953125,186.7899932861328
2023-04-12,157.8137664794922,97.83000183105469,103.78223419189453,276.9316711425781,180.5399932861328
2023-04-13,163.19578552246094,102.4000015258789,106.54936981201172,283.13482666015625,185.89999389648438
2023-04-14,162.8507843017578,102.51000213623047,107.97757720947266,279.52044677734375,185.0
2023-04-17,162.8704833984375,102.73999786376953,105.10135650634766,282.11883544921875,187.0399932861328
2023-04-18,164.09274291992188,102.30000305175781,103.64337921142578,281.6988220214844,184.30999755859375
2023-04-19,165.2362060546875,104.30000305175781,103.32601928710938,281.7769470214844,180.58999633789062
2023-04-20,164.27020263671875,103.80999755859375,104.42691802978516,279.4910888671875,162.99000549316406
2023-04-21,162.66348266601562,106.95999908447266,104.54593658447266,279.149169921875,165.0800018310547
2023-04-24,162.9690399169922,106.20999908447266,105.10135650634766,275.2514953613281,162.5500030517578
2023-04-25,161.43133544921875,102.56999969482422,102.99872589111328,269.0484313964844,160.6699981689453
2023-04-26,161.4214630126953,104.9800033569336,102.85987091064453,288.536865234375,153.75
2023-04-27,166.00506591796875,109.81999969482422,106.70806121826172,297.7779846191406,160.19000244140625
2023-04-28,167.25692749023438,105.44999694824219,106.46009826660156,300.1518249511719,164.30999755859375
2023-05-01,167.168212890625,102.05000305175781,106.32124328613281,298.4911193847656,161.8300018310547
2023-05-02,166.13320922851562,103.62999725341797,104.45665740966797,298.3446044921875,160.30999755859375
2023-05-03,165.05877685546875,103.6500015258789,104.54593658447266,297.3579406738281,160.61000061035156
2023-05-04,163.42245483398438,104.0,103.83183288574219,298.3446044921875,161.1999969482422
2023-05-05,171.09136962890625,105.66000366210938,104.7046127319336,303.4634094238281,170.05999755859375
2023-05-08,171.02235412597656,105.83000183105469,106.88658142089844,301.5096130371094,171.7899932861328
2023-05-09,169.31710815429688,106.62000274658203,106.47002410888672,299.8978271484375,169.14999389648438
2023-05-10,171.08152770996094,110.19000244140625,110.83394622802734,305.08502197265625,168.5399932861328
2023-05-11,171.26881408691406,112.18000030517578,115.61444854736328,302.9359130859375,172.0800018310547
2023-05-12,170.34095764160156,110.26000213623047,116.54674530029297,301.8222351074219,167.97999572753906
2023-05-15,169.84738159179688,111.19999694824219,115.554931640625,302.3009338378906,166.35000610351562
2023-05-16,169.84738159179688,113.4000015258789,118.53034210205078,304.5281982421875,166.52000427246094
2023-05-17,170.45938110351562,115.5,119.84943389892578,307.4064025878906,173.86000061035156
2023-05-18,172.78890991210938,118.1500015258789,121.8231430053711,311.8315124511719,176.88999938964844
2023-05-19,172.89749145507812,116.25,121.75370788574219,311.6553039550781,180.13999938964844
2023-05-22,171.94989013671875,115.01000213623047,124.02494812011719,314.4356384277344,188.8699951171875
2023-05-23,169.34397888183594,114.98999786376953,121.55534362792969,308.63995361328125,185.77000427246094
2023-05-24,169.620361328125,116.75,119.90895080566406,307.25958251953125,182.89999389648438
2023-05-25,170.75555419921875,115.0,122.4677963256836,319.07611083984375,184.47000122070312
2023-05-26,173.16400146484375,120.11000061035156,123.58853149414062,325.8997497558594,193.1699981689453
2023-05-30,175.0098419189453,121.66000366210938,122.65625,324.2550964355469,201.16000366210938
2023-05-31,174.9604949951172,120.58000183105469,121.86280822753906,321.4942626953125,203.92999267578125
2023-06-01,177.76380920410156,122.7699966430664,122.7058334350586,325.59625244140625,207.52000427246094
2023-06-02,178.61270141601562,124.25,123.6480484008789,328.3570861816406,213.97000122070312
2023-06-05,177.26040649414062,125.30000305175781,124.9770736694336,328.8857421875,217.61000061035156
2023-06-06,176.8951873779297,126.61000061035156,126.26640319824219,326.6732177734375,221.30999755859375
2023-06-07,175.5231170654297,121.2300033569336,121.49584197998047,316.5894470214844,224.57000732421875
2023-06-08,178.2375946044922,124.25,121.1387939453125,318.42999267578125,234.86000061035156
2023-06-09,178.6226043701172,123.43000030517578,121.2280502319336,319.92791748046875,244.39999389648438
2023-06-12,181.416015625,126.56999969482422,122.62649536132812,324.88165283203125,249.8300018310547
2023-06-13,180.94219970703125,126.66000366210938,122.81493377685547,327.2704162597656,258.7099914550781
2023-06-14,181.57395935058594,126.41999816894531,122.65625,330.25634765625,256.7900085449219
2023-06-15,183.6073455810547,127.11000061035156,124.06460571289062,340.79034423828125,255.89999389648438
2023-06-16,182.5314178466797,125.48999786376953,122.51739501953125,335.1415710449219,260.5400085449219
2023-06-20,182.62025451660156,125.77999877929688,122.09091186523438,330.951416015625,274.45001220703125
2023-06-21,181.58384704589844,124.83000183105469,119.56182098388672,326.5556640625,259.4599914550781
2023-06-22,184.58456420898438,130.14999389648438,122.1405258178711,332.5765075683594,264.6099853515625
2023-06-23,184.26869201660156,129.3300018310547,121.33715057373047,327.98504638671875,256.6000061035156
2023-06-26,182.87692260742188,127.33000183105469,117.36993408203125,321.69989013671875,241.0500030517578
2023-06-27,185.630859375,129.17999267578125,117.36003112792969,327.5445251464844,250.2100067138672
2023-06-28,186.8054962158203,129.0399932861328,119.19485473632812,328.79766845703125,256.239990234375
2023-06-29,187.14109802246094,127.9000015258789,118.12371826171875,328.0144348144531,257.5
2023-06-30,191.46453857421875,130.36000061035156,118.71879577636719,333.3891296386719,261.7699890136719
2023-07-03,189.97406005859375,130.22000122070312,118.91716003417969,330.8926696777344,279.82000732421875
2023-07-05,188.858642578125,130.3800048828125,120.75199127197266,331.0492858886719,282.4800109863281
2023-07-06,189.33242797851562,128.36000061035156,119.12542724609375,334.10382080078125,276.5400085449219
2023-07-07,188.21701049804688,129.77999877929688,118.50060272216797,330.13885498046875,274.42999267578125
2023-07-10,186.17373657226562,127.12999725341797,115.49542999267578,324.8620300292969,269.6099853515625
2023-07-11,185.65061950683594,128.77999877929688,116.17977142333984,325.4886474609375,269.7900085449219
2023-07-12,187.31878662109375,130.8000030517578,117.95508575439453,330.1192932128906,271.989990234375
2023-07-13,188.0788116455078,134.3000030517578,123.51911163330078,335.464599609375,277.8999938964844
2023-07-14,188.2269287109375,134.67999267578125,124.39189147949219,337.9903869628906,281.3800048828125
2023-07-17,191.48428344726562,133.55999755859375,123.62821197509766,338.4701232910156,290.3800048828125
2023-07-18,191.22763061523438,132.8300018310547,122.7455062866211,351.94122314453125,293.3399963378906
2023-07-19,192.5799560546875,135.36000061035156,121.0296859741211,347.623779296875,291.260009765625
2023-07-20,190.63539123535156,129.9600067138672,118.222900390625,339.58624267578125,262.8999938964844
2023-07-21,189.4607696533203,130.0,119.03617858886719,336.55133056640625,260.0199890136719
2023-07-24,190.26028442382812,128.8000030517578,120.5337905883789,337.8631896972656,269.05999755859375
2023-07-25,191.11903381347656,129.1300048828125,121.20820617675781,343.60992431640625,265.2799987792969
2023-07-26,191.9877166748047,128.14999389648438,128.21034240722656,330.67730712890625,264.3500061035156
2023-07-27,190.72421264648438,128.25,128.33929443359375,323.7752990722656,255.7100067138672
2023-07-28,193.3004913330078,132.2100067138672,131.49322509765625,331.26470947265625,266.44000244140625
2023-07-31,193.91249084472656,133.67999267578125,131.63204956054688,328.8661193847656,267.42999267578125
2023-08-01,193.08334350585938,131.69000244140625,130.4716339111328,329.27734375,261.07000732421875
2023-08-02,190.0924835205078,128.2100067138672,127.32762908935547,320.6229553222656,254.11000061035156
2023-08-03,188.70071411132812,128.91000366210938,127.39705657958984,319.800537109375,259.32000732421875
2023-08-04,179.63926696777344,139.57000732421875,127.05986785888672,320.8970947265625,253.86000061035156
2023-08-07,176.5398406982422,142.22000122070312,130.45181274414062,323.1781311035156,251.4499969482422
2023-08-08,177.47755432128906,139.94000244140625,130.32286071777344,319.203369140625,249.6999969482422
2023-08-09,175.8883819580078,137.85000610351562,128.59710693359375,315.4636535644531,242.19000244140625
2023-08-10,175.67120361328125,138.55999755859375,128.6269073486328,316.1488952636719,245.33999633789062
2023-08-11,175.73048400878906,138.41000366210938,128.4979705810547,314.2691955566406,242.64999389648438
2023-08-14,177.38116455078125,140.57000732421875,130.2534637451172,317.235595703125,239.75999450683594
2023-08-15,175.3944549560547,137.6699981689453,128.71615600585938,315.10137939453125,232.9600067138672
2023-08-16,174.52464294433594,135.07000732421875,127.64502716064453,314.33612060546875,225.60000610351562
2023-08-17,171.98440551757812,133.97999572753906,128.85499572753906,310.8827209472656,219.22000122070312
2023-08-18,172.46873474121094,133.22000122070312,126.41516876220703,310.4903564453125,215.49000549316406
2023-08-21,173.80308532714844,134.67999267578125,127.31773376464844,315.7881774902344,231.27999877929688
2023-08-22,175.17701721191406,134.25,128.02191162109375,316.357177734375,233.19000244140625
2023-08-23,179.0219268798828,135.52000427246094,131.28492736816406,320.8112487792969,236.86000061035156
2023-08-24,174.3368377685547,131.83999633789062,128.71615600585938,313.9142761230469,230.0399932861328
2023-08-25,176.541015625,133.25999450683594,128.81533813476562,316.8673095703125,238.58999633789062
2023-08-28,178.10272216796875,133.13999938964844,129.93609619140625,317.5736999511719,238.82000732421875
2023-08-29,181.98715209960938,134.91000366210938,133.46690368652344,322.194580078125,257.17999267578125
2023-08-30,185.4762725830078,135.07000732421875,134.7661895751953,322.5673828125,256.8999938964844
2023-08-31,185.69374084472656,138.00999450683594,135.0537872314453,321.5568542480469,258.0799865722656
2023-09-01,187.2653045654297,138.1199951171875,134.54795837402344,322.4398193359375,245.00999450683594
2023-09-05,187.50254821777344,137.27000427246094,134.65708923339844,327.23724365234375,256.489990234375
2023-09-06,180.79119873046875,135.36000061035156,133.3577880859375,326.5799560546875,251.9199981689453
2023-09-07,175.503173828125,137.85000610351562,134.15122985839844,323.6661682128906,251.49000549316406
2023-09-08,176.11595153808594,138.22999572753906,135.26206970214844,327.943603515625,248.5
2023-09-11,177.28233337402344,143.10000610351562,135.79762268066406,331.544189453125,273.5799865722656
2023-09-12,174.25775146484375,141.22999572753906,134.23057556152344,325.490966796875,267.4800109863281
2023-09-13,172.19198608398438,144.85000610351562,135.58937072753906,329.69976806640625,271.29998779296875
2023-09-14,173.70425415039062,144.72000122070312,136.96798706054688,332.2898254394531,276.0400085449219
2023-09-15,172.98269653320312,140.38999938964844,136.273681640625,323.97027587890625,274.3900146484375
2023-09-18,175.90841674804688,139.97999572753906,137.0770721435547,322.8322448730469,265.2799987792969
2023-09-19,176.9956817626953,137.6300048828125,136.90843200683594,322.4300231933594,266.5
2023-09-20,173.45713806152344,135.2899932861328,132.64369201660156,314.6991882324219,262.5899963378906
2023-09-21,171.91519165039062,129.3300018310547,129.37074279785156,313.4826354980469,255.6999969482422
2023-09-22,172.7652587890625,129.1199951171875,129.1822967529297,311.0103454589844,244.8800048828125
2023-09-25,174.04031372070312,131.27000427246094,130.03524780273438,311.5303039550781,246.99000549316406
2023-09-26,169.96804809570312,125.9800033569336,127.51608276367188,306.2325134277344,244.1199951171875
2023-09-27,168.45574951171875,125.9800033569336,129.4699249267578,306.87017822265625,240.5
2023-09-28,168.71275329589844,125.9800033569336,131.2254180908203,307.70416259765625,246.3800048828125
2023-09-29,169.22674560546875,127.12000274658203,129.7873077392578,309.774169921875,250.22000122070312
2023-10-02,171.73728942871094,129.4600067138672,133.07017517089844,315.7096252441406,251.60000610351562
2023-10-03,170.40292358398438,124.72000122070312,131.3444366455078,307.4588317871094,246.52999877929688
2023-10-04,171.64834594726562,127.0,134.1313934326172,312.92340087890625,261.1600036621094
2023-10-05,172.88385009765625,125.95999908447266,133.9628143310547,313.31585693359375,260.04998779296875
2023-10-06,175.43399047851562,127.95999908447266,136.4522247314453,321.06634521484375,260.5299987792969
2023-10-09,176.91659545898438,128.25999450683594,137.28533935546875,323.577880859375,259.6700134277344
2023-10-10,176.32354736328125,129.47999572753906,136.92828369140625,322.1749267578125,263.6199951171875
2023-10-11,177.7172393798828,131.8300018310547,139.3978729248047,326.1286926269531,262.989990234375
2023-10-12,178.61668395996094,132.3300018310547,137.83084106445312,324.89251708984375,258.8699951171875
2023-10-13,176.7781982421875,129.7899932861328,136.23402404785156,321.5274658203125,251.1199951171875
2023-10-16,176.64971923828125,132.5500030517578,137.9597625732422,326.3445129394531,253.9199981689453
2023-10-17,175.09793090820312,131.47000122070312,138.57469177246094,325.7754821777344,254.85000610351562
2023-10-18,173.80308532714844,128.1300048828125,136.8291015625,323.86236572265625,242.67999267578125
2023-10-19,173.42752075195312,128.39999389648438,136.62083435058594,325.0495300292969,220.11000061035156
2023-10-20,170.8773956298828,125.16999816894531,134.48846435546875,320.4875183105469,211.99000549316406
2023-10-23,170.99598693847656,126.55999755859375,135.3810577392578,323.0873718261719,212.0800018310547
2023-10-24,171.430908203125,128.55999755859375,137.67213439941406,324.2744140625,216.52000427246094
2023-10-25,169.11798095703125,121.38999938964844,124.58035278320312,334.2225646972656,212.4199981689453
2023-10-26,164.9567413330078,119.56999969482422,121.27764129638672,321.6844177246094,205.75999450683594
2023-10-27,166.27134704589844,127.73999786376953,121.16854095458984,323.56805419921875,207.3000030517578
2023-10-30,168.31739807128906,132.7100067138672,123.43977355957031,330.9261169433594,197.36000061035156
2023-10-31,168.7918701171875,133.08999633789062,123.0628890991211,331.7109680175781,200.83999633789062
2023-11-01,171.9547576904297,137.0,125.41346740722656,339.5204162597656,205.66000366210938
2023-11-02,175.5130615234375,138.07000732421875,126.44493865966797,341.7277526855469,218.50999450683594
2023-11-03,174.6036834716797,138.60000610351562,128.04171752929688,346.1229553222656,219.9600067138672
2023-11-06,177.15382385253906,139.74000549316406,129.1822967529297,349.7823791503906,219.27000427246094
2023-11-07,179.7138214111328,142.7100067138672,129.8964080810547,353.7066345214844,222.17999267578125
2023-11-08,180.7714080810547,142.0800018310547,130.75926208496094,356.3261413574219,222.11000061035156
2023-11-09,180.2969970703125,140.60000610351562,129.1724090576172,353.8636474609375,209.97999572753906
2023-11-10,184.48350524902344,143.55999755859375,131.5031280517578,362.6737365722656,214.64999389648438
2023-11-13,182.89996337890625,142.58999633789062,131.00721740722656,359.7402648925781,223.7100067138672
2023-11-14,185.51280212402344,145.8000030517578,132.52468872070312,363.2622985839844,237.41000366210938
2023-11-15,186.07691955566406,143.1999969482422,133.51649475097656,363.4098205566406,242.83999633789062
2023-11-16,187.75946044921875,142.8300018310547,135.8075408935547,369.7997131347656,233.58999633789062
2023-11-17,187.73968505859375,145.17999267578125,134.20082092285156,363.5867004394531,234.3000030517578
2023-11-20,189.4815673828125,146.1300048828125,135.13314819335938,371.04815673828125,235.60000610351562
2023-11-21,188.67990112304688,143.89999389648438,135.84722900390625,366.7522277832031,241.1999969482422
2023-11-22,189.34300231933594,146.7100067138672,137.3547821044922,371.4512634277344,234.2100067138672
2023-11-24,188.01681518554688,146.74000549316406,135.56951904296875,371.0383605957031,235.4499969482422
2023-11-27,187.83863830566406,147.72999572753906,135.2918243408203,372.1983947753906,236.0800018310547
2023-11-28,188.44236755371094,147.02999877929688,136.07533264160156,376.2191162109375,246.72000122070312
2023-11-29,187.4229736328125,146.32000732421875,133.88345336914062,372.4343566894531,244.13999938964844
2023-11-30,187.99697875976562,146.08999633789062,131.443603515625,372.49334716796875,240.0800018310547
2023-12-01,189.27374267578125,147.02999877929688,130.7790985107422,368.1678771972656,238.8300018310547
2023-12-04,187.4823455810547,144.83999633789062,128.21034240722656,362.8887634277344,235.5800018310547
2023-12-05,191.43130493164062,146.8800048828125,129.91622924804688,366.2115478515625,238.72000122070312
2023-12-06,190.34263610839844,144.52000427246094,128.95419311523438,362.55450439453125,239.3699951171875
2023-12-07,192.2725830078125,146.8800048828125,135.8075408935547,364.6681213378906,242.63999938964844
2023-12-08,193.69776916503906,147.4199981689453,133.88345336914062,367.8925476074219,243.83999633789062
2023-12-11,191.19378662109375,145.88999938964844,132.19740295410156,365.0121765136719,239.74000549316406
2023-12-12,192.7080535888672,147.47999572753906,131.43370056152344,368.0400085449219,237.00999450683594
2023-12-13,195.92465209960938,148.83999633789062,131.48329162597656,368.0301818847656,239.2899932861328
2023-12-14,196.07308959960938,147.4199981689453,130.8584442138672,359.73309326171875,251.0500030517578
2023-12-15,195.53866577148438,149.97000122070312,131.51303100585938,364.4518737792969,253.5
2023-12-18,193.87591552734375,154.07000732421875,134.68682861328125,366.3392639160156,252.0800018310547
2023-12-19,194.91513061523438,153.7899932861328,135.52984619140625,366.93896484375,257.2200012207031
2023-12-20,192.82681274414062,152.1199951171875,137.20599365234375,364.3436584472656,247.13999938964844
2023-12-21,192.67837524414062,153.83999633789062,139.26895141601562,367.2142333984375,254.5
2023-12-22,191.60946655273438,153.4199981689453,140.33016967773438,368.23663330078125,252.5399932861328
2023-12-26,191.0651397705078,153.41000366210938,140.3599090576172,368.3152770996094,256.6099853515625
2023-12-27,191.16409301757812,153.33999633789062,139.21937561035156,367.7352600097656,261.44000244140625
2023-12-28,191.58969116210938,153.3800048828125,139.08050537109375,368.9247741699219,253.17999267578125
2023-12-29,190.5504608154297,151.94000244140625,138.54490661621094,369.67193603515625,248.47999572753906
